icnhi;isomeric_smiles;Cannonical_smiles
LIRYPHYGHXZJBZ-UHFFFAOYSA-N;CC1=C2C(=C(N(C1=O)C)NC3=C(C=C(C=C3)I)F)C(=O)N(C(=O)N2C4=CC=CC(=C4)NC(=O)C)C5CC5;CC1=C2C(=C(N(C1=O)C)NC3=C(C=C(C=C3)I)F)C(=O)N(C(=O)N2C4=CC=CC(=C4)NC(=O)C)C5CC5
XXJWYDDUDKYVKI-UHFFFAOYSA-N;CC1=CC2=C(N1)C=CC(=C2F)OC3=NC=NC4=CC(=C(C=C43)OC)OCCCN5CCCC5;CC1=CC2=C(N1)C=CC(=C2F)OC3=NC=NC4=CC(=C(C=C43)OC)OCCCN5CCCC5
BFSMGDJOXZAERB-UHFFFAOYSA-N;CC(C)(C)C1=NC(=C(S1)C2=NC(=NC=C2)N)C3=C(C(=CC=C3)NS(=O)(=O)C4=C(C=CC=C4F)F)F;CC(C)(C)C1=NC(=C(S1)C2=NC(=NC=C2)N)C3=C(C(=CC=C3)NS(=O)(=O)C4=C(C=CC=C4F)F)F
UXXQOJXBIDBUAC-UHFFFAOYSA-N;CC(C)OC1=CC=C(C=C1)NC(=O)N2CCN(CC2)C3=NC=NC4=CC(=C(C=C43)OC)OCCCN5CCCCC5;CC(C)OC1=CC=C(C=C1)NC(=O)N2CCN(CC2)C3=NC=NC4=CC(=C(C=C43)OC)OCCCN5CCCCC5
UCEQXRCJXIVODC-PMACEKPBSA-N;C1CC2=C3C(=CC=C2)C(=CN3C1)[C@H]4[C@@H](C(=O)NC4=O)C5=CNC6=CC=CC=C65;C1CC2=C3C(=CC=C2)C(=CN3C1)C4C(C(=O)NC4=O)C5=CNC6=CC=CC=C65
WKDACQVEJIVHMZ-UHFFFAOYSA-N;CCS(=O)(=O)C1=CC=CC(=C1)C2=CC(=C(C3=C2C4=C(N3)N=CC(=C4)C)C)C(=O)NC5CCN(CC5)C;CCS(=O)(=O)C1=CC=CC(=C1)C2=CC(=C(C3=C2C4=C(N3)N=CC(=C4)C)C)C(=O)NC5CCN(CC5)C
WCWUXEGQKLTGDX-LLVKDONJSA-N;CC1=CC2=C(N1)C=CC(=C2F)OC3=NC=NN4C3=C(C(=C4)OC[C@@H](C)O)C;CC1=CC2=C(N1)C=CC(=C2F)OC3=NC=NN4C3=C(C(=C4)OCC(C)O)C
MPVGZUGXCQEXTM-UHFFFAOYSA-N;CC1=CC(=C(C=C1)F)NC(=O)NC2=CC=C(C=C2)C3=C4C(=CC=C3)NN=C4N;CC1=CC(=C(C=C1)F)NC(=O)NC2=CC=C(C=C2)C3=C4C(=CC=C3)NN=C4N
TUZYXOIXSAXUGO-PZAWKZKUSA-M;CC[C@H](C)C(=O)O[C@H]1C[C@@H](C=C2[C@H]1[C@H]([C@H](C=C2)C)CC[C@H](C[C@H](CC(=O)[O-])O)O)O;CCC(C)C(=O)OC1CC(C=C2C1C(C(C=C2)C)CCC(CC(CC(=O)[O-])O)O)O
ZADWXFSZEAPBJS-SNVBAGLBSA-N;CN1C=C(C2=CC=CC=C21)C[C@H](C(=O)O)N;CN1C=C(C2=CC=CC=C21)CC(C(=O)O)N
KTUFNOKKBVMGRW-UHFFFAOYSA-N;CC1=C(C=C(C=C1)NC(=O)C2=CC=C(C=C2)CN3CCN(CC3)C)NC4=NC=CC(=N4)C5=CN=CC=C5;CC1=C(C=C(C=C1)NC(=O)C2=CC=C(C=C2)CN3CCN(CC3)C)NC4=NC=CC(=N4)C5=CN=CC=C5
NARMJPIBAXVUIE-UHFFFAOYSA-N;CC(C)(C)CN1C2=C(C=CC(=N2)C3=C(N=C(N3)C(C)(C)C)C4=CC=C(C=C4)F)N=C1N.CS(=O)(=O)O.CS(=O)(=O)O;CC(C)(C)CN1C2=C(C=CC(=N2)C3=C(N=C(N3)C(C)(C)C)C4=CC=C(C=C4)F)N=C1N.CS(=O)(=O)O.CS(=O)(=O)O
GPXBXXGIAQBQNI-UHFFFAOYSA-N;CCCS(=O)(=O)NC1=C(C(=C(C=C1)F)C(=O)C2=CNC3=C2C=C(C=N3)C4=CC=C(C=C4)Cl)F;CCCS(=O)(=O)NC1=C(C(=C(C=C1)F)C(=O)C2=CNC3=C2C=C(C=N3)C4=CC=C(C=C4)Cl)F
FNHKPVJBJVTLMP-UHFFFAOYSA-N;CNC(=O)C1=NC=CC(=C1)OC2=CC(=C(C=C2)NC(=O)NC3=CC(=C(C=C3)Cl)C(F)(F)F)F;CNC(=O)C1=NC=CC(=C1)OC2=CC(=C(C=C2)NC(=O)NC3=CC(=C(C=C3)Cl)C(F)(F)F)F
KTEIFNKAUNYNJU-GFCCVEGCSA-N;C[C@H](C1=C(C=CC(=C1Cl)F)Cl)OC2=C(N=CC(=C2)C3=CN(N=C3)C4CCNCC4)N;CC(C1=C(C=CC(=C1Cl)F)Cl)OC2=C(N=CC(=C2)C3=CN(N=C3)C4CCNCC4)N
PIQCTGMSNWUMAF-UHFFFAOYSA-N;CN1CCN(CC1)C2=CC3=C(C=C2)N=C(N3)C4=C(C5=C(C=CC=C5F)NC4=O)N;CN1CCN(CC1)C2=CC3=C(C=C2)N=C(N3)C4=C(C5=C(C=CC=C5F)NC4=O)N
AAKJLRGGTJKAMG-UHFFFAOYSA-N;COCCOC1=C(C=C2C(=C1)C(=NC=N2)NC3=CC=CC(=C3)C#C)OCCOC;COCCOC1=C(C=C2C(=C1)C(=NC=N2)NC3=CC=CC(=C3)C#C)OCCOC
AHJRHEGDXFFMBM-UHFFFAOYSA-N;CC1=C(C(=O)N(C2=NC(=NC=C12)NC3=NC=C(C=C3)N4CCNCC4)C5CCCC5)C(=O)C;CC1=C(C(=O)N(C2=NC(=NC=C12)NC3=NC=C(C=C3)N4CCNCC4)C5CCCC5)C(=O)C
JWNPDZNEKVCWMY-VQHVLOKHSA-N;CCOC1=C(C=C2C(=C1)N=CC(=C2NC3=CC(=C(C=C3)OCC4=CC=CC=N4)Cl)C#N)NC(=O)/C=C/CN(C)C;CCOC1=C(C=C2C(=C1)N=CC(=C2NC3=CC(=C(C=C3)OCC4=CC=CC=N4)Cl)C#N)NC(=O)C=CCN(C)C
LHNIIDJUOCFXAP-UHFFFAOYSA-N;CS(=O)(=O)N1CCN(CC1)CC2=CC3=C(S2)C(=NC(=N3)C4=C5C=NNC5=CC=C4)N6CCOCC6;CS(=O)(=O)N1CCN(CC1)CC2=CC3=C(S2)C(=NC(=N3)C4=C5C=NNC5=CC=C4)N6CCOCC6
PAWIYAYFNXQGAP-UHFFFAOYSA-N;CN1C=C(C2=CC=CC=C21)CNCC3CCN(CC3)C4=NC=C(C=N4)C(=O)NO;CN1C=C(C2=CC=CC=C21)CNCC3CCN(CC3)C4=NC=C(C=N4)C(=O)NO
NRUKOCRGYNPUPR-PSZSYXFXSA-N;COC1=CC(=CC(=C1O)OC)[C@H]2[C@@H]3[C@H](COC3=O)[C@@H](C4=CC5=C(C=C24)OCO5)O[C@H]6[C@@H]([C@H]([C@H]7[C@H](O6)COC(O7)C8=CC=CS8)O)O;COC1=CC(=CC(=C1O)OC)C2C3C(COC3=O)C(C4=CC5=C(C=C24)OCO5)OC6C(C(C7C(O6)COC(O7)C8=CC=CS8)O)O
HBUBKKRHXORPQB-FJFJXFQQSA-N;C1=NC2=C(N=C(N=C2N1[C@H]3[C@H]([C@@H]([C@H](O3)CO)O)O)F)N;C1=NC2=C(N=C(N=C2N1C3C(C(C(O3)CO)O)O)F)N
SZFPYBIJACMNJV-UHFFFAOYSA-N;CCCCCCCCCCCCCCCCCCOP(=O)([O-])OC1CC[N+](CC1)(C)C;CCCCCCCCCCCCCCCCCCOP(=O)([O-])OC1CC[N+](CC1)(C)C
MVCOAUNKQVWQHZ-UHFFFAOYSA-N;CC1=CC=C(C=C1)N2C(=CC(=N2)C(C)(C)C)NC(=O)NC3=CC=C(C4=CC=CC=C43)OCCN5CCOCC5;CC1=CC=C(C=C1)N2C(=CC(=N2)C(C)(C)C)NC(=O)NC3=CC=C(C4=CC=CC=C43)OCCN5CCOCC5
WJEOLQLKVOPQFV-UHFFFAOYSA-N;CC1=C(C=C(C=C1)NC(=O)C2=CC=C(C=C2)CN3CCN(CC3)C)NC4=NC(=CS4)C5=CN=CC=C5;CC1=C(C=C(C=C1)NC(=O)C2=CC=C(C=C2)CN3CCN(CC3)C)NC4=NC(=CS4)C5=CN=CC=C5
BMGQWWVMWDBQGC-IIFHNQTCSA-N;C[C@@]12[C@@H]([C@@H](C[C@@H](O1)N3C4=CC=CC=C4C5=C6C(=C7C8=CC=CC=C8N2C7=C53)CNC6=O)N(C)C(=O)C9=CC=CC=C9)OC;CC12C(C(CC(O1)N3C4=CC=CC=C4C5=C6C(=C7C8=CC=CC=C8N2C7=C53)CNC6=O)N(C)C(=O)C9=CC=CC=C9)OC
BTIHMVBBUGXLCJ-OAHLLOKOSA-N;CC[C@H](CO)NC1=NC(=C2C(=N1)N(C=N2)C(C)C)NCC3=CC=CC=C3;CCC(CO)NC1=NC(=C2C(=N1)N(C=N2)C(C)C)NCC3=CC=CC=C3
BSMCAPRUBJMWDF-KRWDZBQOSA-N;C1CCN[C@@H](C1)C2(CN(C2)C(=O)C3=C(C(=C(C=C3)F)F)NC4=C(C=C(C=C4)I)F)O;C1CCNC(C1)C2(CN(C2)C(=O)C3=C(C(=C(C=C3)F)F)NC4=C(C=C(C=C4)I)F)O
WPEWQEMJFLWMLV-UHFFFAOYSA-N;C1CCC(C1)(C#N)C2=CC=C(C=C2)NC(=O)C3=C(N=CC=C3)NCC4=CC=NC=C4;C1CCC(C1)(C#N)C2=CC=C(C=C2)NC(=O)C3=C(N=CC=C3)NCC4=CC=NC=C4
JDUBGYFRJFOXQC-KRWDZBQOSA-N;C1CN(CCC1(C(=O)N[C@@H](CCO)C2=CC=C(C=C2)Cl)N)C3=NC=NC4=C3C=CN4;C1CN(CCC1(C(=O)NC(CCO)C2=CC=C(C=C2)Cl)N)C3=NC=NC4=C3C=CN4
XCPPIJCBCWUBNT-UHFFFAOYSA-N;C1COCCN1CC2=CC=C(C=C2)COC3=NC=CC(=N3)C(C#N)C4=NC5=CC=CC=C5S4;C1COCCN1CC2=CC=C(C=C2)COC3=NC=CC(=N3)C(C#N)C4=NC5=CC=CC=C5S4
CMJCXYNUCSMDBY-ZDUSSCGKSA-N;C[C@@H](CNC1=NC=CC(=N1)C2=CN(N=C2C3=C(C(=CC(=C3)Cl)NS(=O)(=O)C)F)C(C)C)NC(=O)OC;CC(C)N1C=C(C(=N1)C2=C(C(=CC(=C2)Cl)NS(=O)(=O)C)F)C3=NC(=NC=C3)NCC(C)NC(=O)OC
KGPGFQWBCSZGEL-ZDUSSCGKSA-N;CCN1C2=C(C(=NC=C2OC[C@H]3CCCNC3)C#CC(C)(C)O)N=C1C4=NON=C4N;CCN1C2=C(C(=NC=C2OCC3CCCNC3)C#CC(C)(C)O)N=C1C4=NON=C4N
QQLKULDARVNMAL-UHFFFAOYSA-N;C#CC1=CC(=CC=C1)NC2=NC=NC3=CC4=C(C=C32)OCCOCCOCCO4;C#CC1=CC(=CC=C1)NC2=NC=NC3=CC4=C(C=C32)OCCOCCOCCO4
PCZOHLXUXFIOCF-BXMDZJJMSA-N;CC[C@H](C)C(=O)O[C@H]1C[C@H](C=C2[C@H]1[C@H]([C@H](C=C2)C)CC[C@@H]3C[C@H](CC(=O)O3)O)C;CCC(C)C(=O)OC1CC(C=C2C1C(C(C=C2)C)CCC3CC(CC(=O)O3)O)C
VEPKQEUBKLEPRA-UHFFFAOYSA-N;C1=CC(=C(C(=C1)Cl)C2=C3C=CC(=NN3C=NC2=O)SC4=C(C=C(C=C4)F)F)Cl;C1=CC(=C(C(=C1)Cl)C2=C3C=CC(=NN3C=NC2=O)SC4=C(C=C(C=C4)F)F)Cl
AUMDBEHGJRZSOO-UHFFFAOYSA-N;C1COCCC1N2C3=NC=NC(=C3C(=N2)COC4=CC(=CC=C4)Cl)N;C1COCCC1N2C3=NC=NC(=C3C(=N2)COC4=CC(=CC=C4)Cl)N
MHDPPLULTMGBSI-UUOKFMHZSA-N;C1=NC(=C2C(=N1)N(C(=N2)Cl)[C@H]3[C@@H]([C@@H]([C@H](O3)CO)O)O)N;C1=NC(=C2C(=N1)N(C(=N2)Cl)C3C(C(C(O3)CO)O)O)N
HDAJDNHIBCDLQF-RUZDIDTESA-N;C1CN(C[C@@H]1C(=O)NC2=CC3=C(C=C2)NN=C3C4=CC=NC=C4)CC(=O)N5CCN(CC5)C6=CC=C(C=C6)C7=NC=CC=N7;C1CN(CC1C(=O)NC2=CC3=C(C=C2)NN=C3C4=CC=NC=C4)CC(=O)N5CCN(CC5)C6=CC=C(C=C6)C7=NC=CC=N7
YCRFPWKUUNKNDN-UHFFFAOYSA-N;C1CN(CCN1CC2=NC(=CC=C2)NC3=NC=CS3)C(=O)C4=C(C(=CC=C4)Cl)F;C1CN(CCN1CC2=NC(=CC=C2)NC3=NC=CS3)C(=O)C4=C(C(=CC=C4)Cl)F
JZRMBDHPALEPDM-UHFFFAOYSA-N;C1=CC(=CN=C1)C(=O)NC2=CC(=CC3=C2NC4=C3C=CN=C4)Cl;C1=CC(=CN=C1)C(=O)NC2=CC(=CC3=C2NC4=C3C=CN=C4)Cl
DUIHHZKTCSNTGM-UHFFFAOYSA-N;CS(=O)(=O)C1=CC=C(C=C1)C2=CN=C(C(=N2)C(=O)NC3=CC=CC=C3)N;CS(=O)(=O)C1=CC=C(C=C1)C2=CN=C(C(=N2)C(=O)NC3=CC=CC=C3)N
CVWXJKQAOSCOAB-UHFFFAOYSA-N;CC(C)(C)C1=CC(=NO1)NC(=O)NC2=CC=C(C=C2)C3=CN4C5=C(C=C(C=C5)OCCN6CCOCC6)SC4=N3;CC(C)(C)C1=CC(=NO1)NC(=O)NC2=CC=C(C=C2)C3=CN4C5=C(C=C(C=C5)OCCN6CCOCC6)SC4=N3
WINHZLLDWRZWRT-ATVHPVEESA-N;CCN(CC)CCNC(=O)C1=C(NC(=C1C)/C=C\2/C3=C(C=CC(=C3)F)NC2=O)C;CCN(CC)CCNC(=O)C1=C(NC(=C1C)C=C2C3=C(C=CC(=C3)F)NC2=O)C
UHTHHESEBZOYNR-UHFFFAOYSA-N;CN1CCC(CC1)COC2=C(C=C3C(=C2)N=CN=C3NC4=C(C=C(C=C4)Br)F)OC;CN1CCC(CC1)COC2=C(C=C3C(=C2)N=CN=C3NC4=C(C=C(C=C4)Br)F)OC
STUWGJZDJHPWGZ-LBPRGKRZSA-N;CC1=C(SC(=N1)NC(=O)N2CCC[C@H]2C(=O)N)C3=CC(=NC=C3)C(C)(C)C(F)(F)F;CC1=C(SC(=N1)NC(=O)N2CCCC2C(=O)N)C3=CC(=NC=C3)C(C)(C)C(F)(F)F
LMJFJIDLEAWOQJ-CQSZACIVSA-N;C[C@H](C1=CC(=CC2=C1OC(=CC2=O)N3CCOCC3)C(=O)N(C)C)NC4=CC(=CC(=C4)F)F;CC(C1=CC(=CC2=C1OC(=CC2=O)N3CCOCC3)C(=O)N(C)C)NC4=CC(=CC(=C4)F)F
KDGFLJKFZUIJMX-UHFFFAOYSA-N;CCC1=CC2=C(C=C1N3CCC(CC3)N4CCOCC4)C(C5=C(C2=O)C6=C(N5)C=C(C=C6)C#N)(C)C;CCC1=CC2=C(C=C1N3CCC(CC3)N4CCOCC4)C(C5=C(C2=O)C6=C(N5)C=C(C=C6)C#N)(C)C
LIOLIMKSCNQPLV-UHFFFAOYSA-N;CNC(=O)C1=C(C=C(C=C1)C2=NN3C(=CN=C3N=C2)CC4=CC5=C(C=C4)N=CC=C5)F;CNC(=O)C1=C(C=C(C=C1)C2=NN3C(=CN=C3N=C2)CC4=CC5=C(C=C4)N=CC=C5)F
UQRCJCNVNUFYDX-UHFFFAOYSA-N;CN1CCN(CC1)C2CCN(CC2)C(=O)NC3=NC=CC(=C3)OC4=CC(=C(C=C4)NC(=O)C5(CC5)C(=O)NC6=CC=C(C=C6)F)F;CN1CCN(CC1)C2CCN(CC2)C(=O)NC3=NC=CC(=C3)OC4=CC(=C(C=C4)NC(=O)C5(CC5)C(=O)NC6=CC=C(C=C6)F)F
QTBWCSQGBMPECM-UHFFFAOYSA-N;CCN1C=C(C(=N1)C2=CC=C(C=C2)NC(=O)N(C)C)C3=C4C=C(NC4=NC=C3)C5=CC=CC(=C5)CN(C)C;CCN1C=C(C(=N1)C2=CC=C(C=C2)NC(=O)N(C)C)C3=C4C=C(NC4=NC=C3)C5=CC=CC(=C5)CN(C)C
CUDVHEFYRIWYQD-UHFFFAOYSA-N;CNC(=O)C1=CC=CC2=C1C=CC(=C2)OC3=C4C=C(C(=CC4=NC=C3)OCC5(CC5)N)OC;CNC(=O)C1=CC=CC2=C1C=CC(=C2)OC3=C4C=C(C(=CC4=NC=C3)OCC5(CC5)N)OC
MZDKLVOWGIOKTN-UHFFFAOYSA-N;CN(C1=C(C=CC=N1)CNC2=NC(=NC=C2C(F)(F)F)NC3=CC4=C(C=C3)NC(=O)C4)S(=O)(=O)C;CN(C1=C(C=CC=N1)CNC2=NC(=NC=C2C(F)(F)F)NC3=CC4=C(C=C3)NC(=O)C4)S(=O)(=O)C
DFJSJLGUIXFDJP-UHFFFAOYSA-N;CNC(=O)CN1CCC(CC1)OC2=C(C=C3C(=C2)C(=NC=N3)NC4=C(C(=CC=C4)Cl)F)OC;CNC(=O)CN1CCC(CC1)OC2=C(C=C3C(=C2)C(=NC=N3)NC4=C(C(=CC=C4)Cl)F)OC
ZYQXEVJIFYIBHZ-UHFFFAOYSA-N;CC(C)(CC(=O)NCCN1C=CC2=C1C(=NC=N2)NC3=CC(=C(C=C3)OC4=CC=CC(=C4)C(F)(F)F)Cl)O;CC(C)(CC(=O)NCCN1C=CC2=C1C(=NC=N2)NC3=CC(=C(C=C3)OC4=CC=CC(=C4)C(F)(F)F)Cl)O
QFCXANHHBCGMAS-UHFFFAOYSA-N;CNC(=O)C1=NC=CC(=C1)COC2=NN=C(C3=C2OC=C3)NC4=CC=C(C=C4)Cl;CNC(=O)C1=NC=CC(=C1)COC2=NN=C(C3=C2OC=C3)NC4=CC=C(C=C4)Cl
HVXKQKFEHMGHSL-QDMKHBRRSA-N;;
QVMNYGOVNWWFKF-UHFFFAOYSA-N;CC1=C(C=CC(=C1)NC2=NC=NC3=C2C=C(C=C3)C4=CC=C(O4)CNCCS(=O)(=O)C)OC5=CC6=NC=NN6C=C5;CC1=C(C=CC(=C1)NC2=NC=NC3=C2C=C(C=C3)C4=CC=C(O4)CNCCS(=O)(=O)C)OC5=CC6=NC=NN6C=C5
VNBRGSXVFBYQNN-UHFFFAOYSA-N;CCOC1=C(C(=O)N(C=C1)C2=CC=C(C=C2)F)C(=O)NC3=CC(=C(C=C3)OC4=C(C(=NC=C4)N)Cl)F;CCOC1=C(C(=O)N(C=C1)C2=CC=C(C=C2)F)C(=O)NC3=CC(=C(C=C3)OC4=C(C(=NC=C4)N)Cl)F
RFWVETIZUQEJEF-UHFFFAOYSA-N;C1=CC(=C(C=C1I)F)NC2=C(C=CC3=CN=CN32)C(=O)NOCCO;C1=CC(=C(C=C1I)F)NC2=C(C=CC3=CN=CN32)C(=O)NOCCO
YOZBGTLTNGAVFU-UHFFFAOYSA-N;CC1=C2C=C(C=CC2=C(C(=N1)C(=O)NCC(=O)O)O)OC3=CC=CC=C3;CC1=C2C=C(C=CC2=C(C(=N1)C(=O)NCC(=O)O)O)OC3=CC=CC=C3
WBKCKEHGXNWYMO-UHFFFAOYSA-N;CCOC(=O)CCNC1=CC(=NC(=N1)C2=CC=CC=N2)N3CCC4=CC=CC=C4CC3;CCOC(=O)CCNC1=CC(=NC(=N1)C2=CC=CC=N2)N3CCC4=CC=CC=C4CC3
ULNXAWLQFZMIHX-UHFFFAOYSA-N;CCCC1=C(C(=O)NC(=C1)C)CNC(=O)C2=C3C=NN(C3=CC(=C2)C4=CC(=NC=C4)N5CCN(CC5)C)C(C)C;CCCC1=C(C(=O)NC(=C1)C)CNC(=O)C2=C3C=NN(C3=CC(=C2)C4=CC(=NC=C4)N5CCN(CC5)C)C(C)C
JUJPKFNFCWJBCX-UHFFFAOYSA-N;C1=C(SC=C1Br)COC2=NC(=NC3=C2NC=N3)N;C1=C(SC=C1Br)COC2=NC(=NC3=C2NC=N3)N
QBIYUDDJPRGKNJ-UHFFFAOYSA-M;CC1=[N+](C2=C(N1CCOC)C(=O)C3=CC=CC=C3C2=O)CC4=NC=CN=C4.[Br-];CC1=[N+](C2=C(N1CCOC)C(=O)C3=CC=CC=C3C2=O)CC4=NC=CN=C4.[Br-]
IQCKJUKAQJINMK-HUBRGWSESA-N;CC(C)N(CCCNC(=O)NC1=CC=C(C=C1)C(C)(C)C)C[C@@H]2[C@H]([C@H]([C@@H](O2)N3C=C(C4=C(N=CN=C43)N)Br)O)O;CC(C)N(CCCNC(=O)NC1=CC=C(C=C1)C(C)(C)C)CC2C(C(C(O2)N3C=C(C4=C(N=CN=C43)N)Br)O)O
BHUZLJOUHMBZQY-YXQOSMAKSA-N;C1[C@@H](O[C@@H](O[C@@H]1C2=CC=C(C=C2)CO)C3=CC=C(C=C3)NC(=O)CCCCCCC(=O)NO)CSC4=NC(=C(O4)C5=CC=CC=C5)C6=CC=CC=C6;C1C(OC(OC1C2=CC=C(C=C2)CO)C3=CC=C(C=C3)NC(=O)CCCCCCC(=O)NO)CSC4=NC(=C(O4)C5=CC=CC=C5)C6=CC=CC=C6
GOVYBPLHWIEHEJ-UHFFFAOYSA-N;CN1CCC2=C(C1)C3=CC=CC=C3N2CC4=CC=C(C=C4)C(=O)NO;CN1CCC2=C(C1)C3=CC=CC=C3N2CC4=CC=C(C=C4)C(=O)NO
ZOIBZSZLMJDVDQ-UHFFFAOYSA-N;CC1=CC(=C(C(=O)N1)CNC(=O)C2=C3C=NN(C3=CC(=C2)C4=CC=C(C=C4)CN5CCOCC5)C6CCCC6)C;CC1=CC(=C(C(=O)N1)CNC(=O)C2=C3C=NN(C3=CC(=C2)C4=CC=C(C=C4)CN5CCOCC5)C6CCCC6)C
KHWCPNJRJCNVRI-UHFFFAOYSA-N;CCCOC1=CC2=C(C=C(N2C=C1)C(=O)C)C3=CC=CC=C3S(=O)(=O)C;CCCOC1=CC2=C(C=C(N2C=C1)C(=O)C)C3=CC=CC=C3S(=O)(=O)C
ZMELOYOKMZBMRB-DLBZAZTESA-N;C[C@@H]1CN([C@H](CN1C(=O)C2=C(C=C3C(=C2)C(=CN3C)C(=O)C(=O)N(C)C)Cl)C)CC4=CC=C(C=C4)F;CC1CN(C(CN1C(=O)C2=C(C=C3C(=C2)C(=CN3C)C(=O)C(=O)N(C)C)Cl)C)CC4=CC=C(C=C4)F
YEAHTLOYHVWAKW-UHFFFAOYSA-N;CC(C1=CC2=C(C=C1)C3=CC(=C(C=C3OC2=O)OCC4=CC=C(C=C4)OC)OC)O;CC(C1=CC2=C(C=C1)C3=CC(=C(C=C3OC2=O)OCC4=CC=C(C=C4)OC)OC)O
HRNLUBSXIHFDHP-UHFFFAOYSA-N;C1=CC=C(C(=C1)N)NC(=O)C2=CC=C(C=C2)CNC3=NC=CC(=N3)C4=CN=CC=C4;C1=CC=C(C(=C1)N)NC(=O)C2=CC=C(C=C2)CNC3=NC=CC(=N3)C4=CN=CC=C4
GEPYBHCJBORHCE-SFHVURJKSA-N;CC1=C(C(=NO1)C)C2=CC3=C(C=C2)N(C(=N3)CCC4=CC(=C(C=C4)OC)Cl)C[C@H](C)N5CCOCC5;CC1=C(C(=NO1)C)C2=CC3=C(C=C2)N(C(=N3)CCC4=CC(=C(C=C4)OC)Cl)CC(C)N5CCOCC5
XYFPWWZEPKGCCK-GOSISDBHSA-N;C=CC(=O)N1CCC[C@H](C1)N2C3=NC=NC(=C3C(=N2)C4=CC=C(C=C4)OC5=CC=CC=C5)N;C=CC(=O)N1CCCC(C1)N2C3=NC=NC(=C3C(=N2)C4=CC=C(C=C4)OC5=CC=CC=C5)N
NHHQJBCNYHBUSI-UHFFFAOYSA-N;CC1(C(=O)NC2=C(O1)C=CC(=N2)NC3=NC(=NC=C3F)NC4=CC(=C(C(=C4)OC)OC)OC)C;CC1(C(=O)NC2=C(O1)C=CC(=N2)NC3=NC(=NC=C3F)NC4=CC(=C(C(=C4)OC)OC)OC)C
PDOQBOJDRPLBQU-UHFFFAOYSA-N;CC1=CC(=NN1)NC2=NC(=NC=C2Cl)NC(C)C3=NC=C(C=N3)F;CC1=CC(=NN1)NC2=NC(=NC=C2Cl)NC(C)C3=NC=C(C=N3)F
GKDRMWXFWHEQQT-UHFFFAOYSA-L;CC1(C(=O)N(C2=C(O1)C=CC(=N2)NC3=NC(=NC=C3F)NC4=CC(=C(C(=C4)OC)OC)OC)COP(=O)([O-])[O-])C;CC1(C(=O)N(C2=C(O1)C=CC(=N2)NC3=NC(=NC=C3F)NC4=CC(=C(C(=C4)OC)OC)OC)COP(=O)([O-])[O-])C
WBXPDJSOTKVWSJ-CYBMUJFWSA-N;C1=CC(=CC=C1CCC2=CNC3=C2C(=O)N=C(N3)N)C(=O)N[C@H](CCC(=O)O)C(=O)O;C1=CC(=CC=C1CCC2=CNC3=C2C(=O)N=C(N3)N)C(=O)NC(CCC(=O)O)C(=O)O
ONIQOQHATWINJY-UHFFFAOYSA-N;COC1=CC2=C(C=CN=C2C=C1OC)OC3=CC=C(C=C3)NC(=O)C4(CC4)C(=O)NC5=CC=C(C=C5)F;COC1=CC2=C(C=CN=C2C=C1OC)OC3=CC=C(C=C3)NC(=O)C4(CC4)C(=O)NC5=CC=C(C=C5)F
FOFDIMHVKGYHRU-UHFFFAOYSA-N;C1CN(CCN1C2=NC=NC3=C2OC4=CC=CC=C43)C(=S)NCC5=CC6=C(C=C5)OCO6;C1CN(CCN1C2=NC=NC3=C2OC4=CC=CC=C43)C(=S)NCC5=CC6=C(C=C5)OCO6
FBLPQCAQRNSVHB-UHFFFAOYSA-N;CCC1=CN=CN=C1N2CCN(CC2)CC3=NC4=C(N3)C=C(C=C4)C(F)(F)F;CCC1=CN=CN=C1N2CCN(CC2)CC3=NC4=C(N3)C=C(C=C4)C(F)(F)F
NSQSAUGJQHDYNO-UHFFFAOYSA-N;CCN(C1CCOCC1)C2=CC(=CC(=C2C)C(=O)NCC3=C(C=C(NC3=O)C)C)C4=CC=C(C=C4)CN5CCOCC5;CCN(C1CCOCC1)C2=CC(=CC(=C2C)C(=O)NCC3=C(C=C(NC3=O)C)C)C4=CC=C(C=C4)CN5CCOCC5
VRQMAABPASPXMW-HDICACEKSA-N;C[C@@H]1CN(C[C@@H](N1)C)C2=CC=C(C=C2)C(=O)NC3=NNC(=C3)CCC4=CC(=CC(=C4)OC)OC;CC1CN(CC(N1)C)C2=CC=C(C=C2)C(=O)NC3=NNC(=C3)CCC4=CC(=CC(=C4)OC)OC
ZCBUQCWBWNUWSU-UHFFFAOYSA-N;CN(C)CC1CCN2C=C(C3=CC=CC=C32)C4=C(C5=CN(CCO1)C6=CC=CC=C65)C(=O)NC4=O;CN(C)CC1CCN2C=C(C3=CC=CC=C32)C4=C(C5=CN(CCO1)C6=CC=CC=C65)C(=O)NC4=O
QADPYRIHXKWUSV-UHFFFAOYSA-N;CCN1CCN(CC1)C2=CC=C(C=C2)NC3=CC(=NC=N3)N(C)C(=O)NC4=C(C(=CC(=C4Cl)OC)OC)Cl;CCN1CCN(CC1)C2=CC=C(C=C2)NC3=CC(=NC=N3)N(C)C(=O)NC4=C(C(=CC(=C4Cl)OC)OC)Cl
FBOZXECLQNJBKD-ZDUSSCGKSA-N;CN(CC1=CN=C2C(=N1)C(=NC(=N2)N)N)C3=CC=C(C=C3)C(=O)N[C@@H](CCC(=O)O)C(=O)O;CN(CC1=CN=C2C(=N1)C(=NC(=N2)N)N)C3=CC=C(C=C3)C(=O)NC(CCC(=O)O)C(=O)O
ZYVXTMKTGDARKR-UHFFFAOYSA-N;CN1CCN(CC1)C2=CC(=C(C=C2)NC3=NC=CC(=N3)C4=CN(C5=C4C=CN=C5)C)OC;CN1CCN(CC1)C2=CC(=C(C=C2)NC3=NC=CC(=N3)C4=CN(C5=C4C=CN=C5)C)OC
YQNRVGJCPCNMKT-LFVJCYFKSA-N;C=CCC1=C(C(=CC=C1)/C=N/NC(=O)C[NH+]2CCN(CC2)CC3=CC=CC=C3)[O-];C=CCC1=C(C(=CC=C1)C=NNC(=O)C[NH+]2CCN(CC2)CC3=CC=CC=C3)[O-]
GYCPCOJTCINIFZ-OXJNMPFZSA-N;CC[C@H](CC#N)OC(=O)N[C@@H](C)C1=CC(=CC=C1)NC(=O)NC2=CC(=C(C=C2)C3=CN=CO3)OC;CCC(CC#N)OC(=O)NC(C)C1=CC(=CC=C1)NC(=O)NC2=CC(=C(C=C2)C3=CN=CO3)OC
PNMYJIOQIAEYQL-UHFFFAOYSA-N;C1CC1NC2=NC(=NC(=C2)C3=C(C(=CC=C3)Cl)Cl)N;C1CC1NC2=NC(=NC(=C2)C3=C(C(=CC=C3)Cl)Cl)N
GNMUEVRJHCWKTO-FQEVSTJZSA-N;CC1=C(SC2=C1C(=N[C@H](C3=NN=C(N32)C)CC(=O)NC4=CC=C(C=C4)O)C5=CC=C(C=C5)Cl)C;CC1=C(SC2=C1C(=NC(C3=NN=C(N32)C)CC(=O)NC4=CC=C(C=C4)O)C5=CC=C(C=C5)Cl)C
GOLCXWYRSKYTSP-UHFFFAOYSA-N;O1[As]2O[As]1O2;O1[As]2O[As]1O2
BLVQHYHDYFTPDV-VCABWLAWSA-N;C1=CC=C(C=C1)/C=C/CN2C=C(C=N2)/C=C/C(=O)NC3=C(C=C(C=C3)F)N;C1=CC=C(C=C1)C=CCN2C=C(C=N2)C=CC(=O)NC3=C(C=C(C=C3)F)N
ZAVGJDAFCZAWSZ-UHFFFAOYSA-N;C1CNCCN(C1)S(=O)(=O)C2=CC=CC3=C2C=CNC3=O;C1CNCCN(C1)S(=O)(=O)C2=CC=CC3=C2C=CNC3=O
SFNSLLSYNZWZQG-VQIMIIECSA-N;CN1CC[C@H](C[C@@H]1C2=NC3=CC=CC=C3N2)NC(=O)NC4=CC=C(C=C4)C#N;CN1CCC(CC1C2=NC3=CC=CC=C3N2)NC(=O)NC4=CC=C(C=C4)C#N
BPQMGSKTAYIVFO-UHFFFAOYSA-N;CS(=O)(=O)C1=CC(=C(C=C1)C(=O)NC2=CC(=C(C=C2)Cl)C3=CC=CC=N3)Cl;CS(=O)(=O)C1=CC(=C(C=C1)C(=O)NC2=CC(=C(C=C2)Cl)C3=CC=CC=N3)Cl
NKANXQFJJICGDU-QPLCGJKRSA-N;CC/C(=C(\C1=CC=CC=C1)/C2=CC=C(C=C2)OCCN(C)C)/C3=CC=CC=C3;CCC(=C(C1=CC=CC=C1)C2=CC=C(C=C2)OCCN(C)C)C3=CC=CC=C3
KKGQTZUTZRNORY-UHFFFAOYSA-N;CCCCCCCCC1=CC=C(C=C1)CCC(CO)(CO)N;CCCCCCCCC1=CC=C(C=C1)CCC(CO)(CO)N
YTRRAUACYORZLX-UHFFFAOYSA-N;C1CCC(CC1)C(CC2C3=CC=CC=C3C4=CN=CN24)O;C1CCC(CC1)C(CC2C3=CC=CC=C3C4=CN=CN24)O
OZPFIJIOIVJZMN-SFHVURJKSA-N;CNC(=O)C1=CC2=C(C=C1)C=C(C=C2)[C@]3(CCN4C3=CN=C4)O;CNC(=O)C1=CC2=C(C=C1)C=C(C=C2)C3(CCN4C3=CN=C4)O
ONDYALNGTUAJDX-UHFFFAOYSA-N;CN1C2=C(C(=CC=C2)OC)C(=C(C1=O)C(=O)N(C)C3=CC=C(C=C3)C(F)(F)F)O;CN1C2=C(C(=CC=C2)OC)C(=C(C1=O)C(=O)N(C)C3=CC=C(C=C3)C(F)(F)F)O
SOIISBQQYAGDKM-VFYMIVFZSA-N;C[C@@H]1C[C@@H]2CC[C@H]3[C@@]2(C(=C1)C(=O)O3)O;CC1CC2CCC3C2(C(=C1)C(=O)O3)O
BHLXTPHDSZUFHR-UHFFFAOYSA-N;CCC1=C(C2=C(N1CC3=CC=CC=C3)C=CC=C2OCC(=O)O)C(=O)C(=O)N;CCC1=C(C2=C(N1CC3=CC=CC=C3)C=CC=C2OCC(=O)O)C(=O)C(=O)N
ZXGGCBQORXDVTE-UMCMBGNQSA-N;C1=CC(=CC=C1COC[C@@H]2[C@H]([C@H]([C@@H](O2)N3C4=NC=NC(=C4N=C3NCC5=CC(=C(C=C5)Cl)Cl)N)O)O)C#N;C1=CC(=CC=C1COCC2C(C(C(O2)N3C4=NC=NC(=C4N=C3NCC5=CC(=C(C=C5)Cl)Cl)N)O)O)C#N
XXYGTCZJJLTAGH-UHFFFAOYSA-N;CC1=CC(=CN=C1C2=CC(=NC=C2)C)CC(=O)NC3=NC=C(C=C3)C4=NC=CN=C4;CC1=CC(=CN=C1C2=CC(=NC=C2)C)CC(=O)NC3=NC=C(C=C3)C4=NC=CN=C4
HKVAMNSJSFKALM-GKUWKFKPSA-N;C[C@@H]1CC[C@H]2C[C@@H](/C(=C/C=C/C=C/[C@H](C[C@H](C(=O)[C@@H]([C@@H](/C(=C/[C@H](C(=O)C[C@H](OC(=O)[C@@H]3CCCCN3C(=O)C(=O)[C@@]1(O2)O)[C@H](C)C[C@@H]4CC[C@H]([C@@H](C4)OC)OCCO)C)/C)O)OC)C)C)/C)OC;CC1CCC2CC(C(=CC=CC=CC(CC(C(=O)C(C(C(=CC(C(=O)CC(OC(=O)C3CCCCN3C(=O)C(=O)C1(O2)O)C(C)CC4CCC(C(C4)OC)OCCO)C)C)O)OC)C)C)C)OC
CBPNZQVSJQDFBE-FUXHJELOSA-N;C[C@@H]1CC[C@H]2C[C@@H](/C(=C/C=C/C=C/[C@H](C[C@H](C(=O)[C@@H]([C@@H](/C(=C/[C@H](C(=O)C[C@H](OC(=O)[C@@H]3CCCCN3C(=O)C(=O)[C@@]1(O2)O)[C@H](C)C[C@@H]4CC[C@H]([C@@H](C4)OC)OC(=O)C(C)(CO)CO)C)/C)O)OC)C)C)/C)OC;CC1CCC2CC(C(=CC=CC=CC(CC(C(=O)C(C(C(=CC(C(=O)CC(OC(=O)C3CCCCN3C(=O)C(=O)C1(O2)O)C(C)CC4CCC(C(C4)OC)OC(=O)C(C)(CO)CO)C)C)O)OC)C)C)C)OC
RCINICONZNJXQF-MZXODVADSA-N;CC1=C2[C@H](C(=O)[C@@]3([C@H](C[C@@H]4[C@]([C@H]3[C@@H]([C@@](C2(C)C)(C[C@@H]1OC(=O)[C@@H]([C@H](C5=CC=CC=C5)NC(=O)C6=CC=CC=C6)O)O)OC(=O)C7=CC=CC=C7)(CO4)OC(=O)C)O)C)OC(=O)C;CC1=C2C(C(=O)C3(C(CC4C(C3C(C(C2(C)C)(CC1OC(=O)C(C(C5=CC=CC=C5)NC(=O)C6=CC=CC=C6)O)O)OC(=O)C7=CC=CC=C7)(CO4)OC(=O)C)O)C)OC(=O)C
UHDGCWIWMRVCDJ-CCXZUQQUSA-N;C1=CN(C(=O)N=C1N)[C@H]2[C@H]([C@@H]([C@H](O2)CO)O)O;C1=CN(C(=O)N=C1N)C2C(C(C(O2)CO)O)O
FPVKHBSQESCIEP-JQCXWYLXSA-N;C1[C@@H]([C@H](O[C@H]1N2C=NC3=C2NC=NC[C@H]3O)CO)O;C1C(C(OC1N2C=NC3=C2NC=NCC3O)CO)O
BPEGJWRSRHCHSN-UHFFFAOYSA-N;CN1C(=O)N2C=NC(=C2N=N1)C(=O)N;CN1C(=O)N2C=NC(=C2N=N1)C(=O)N
FABUFPQFXZVHFB-PVYNADRNSA-N;C[C@H]1CCC[C@@]2([C@@H](O2)C[C@H](NC(=O)C[C@@H](C(C(=O)[C@@H]([C@H]1O)C)(C)C)O)/C(=C/C3=CSC(=N3)C)/C)C;CC1CCCC2(C(O2)CC(NC(=O)CC(C(C(=O)C(C1O)C)(C)C)O)C(=CC3=CSC(=N3)C)C)C
HMABYWSNWIZPAG-UHFFFAOYSA-N;CNCC1=CC=C(C=C1)C2=C3CCNC(=O)C4=C3C(=CC(=C4)F)N2;CNCC1=CC=C(C=C1)C2=C3CCNC(=O)C4=C3C(=CC(=C4)F)N2
WYWHKKSPHMUBEB-UHFFFAOYSA-N;C1=NC2=C(N1)C(=NC(=N2)N)S;C1=NC2=C(N1)C(=NC(=N2)N)S
WAEXFXRVDQXREF-UHFFFAOYSA-N;C1=CC=C(C=C1)NC(=O)CCCCCCC(=O)NO;C1=CC=C(C=C1)NC(=O)CCCCCCC(=O)NO
NMUSYJAQQFHJEW-KVTDHHQDSA-N;C1=NC(=NC(=O)N1[C@H]2[C@@H]([C@@H]([C@H](O2)CO)O)O)N;C1=NC(=NC(=O)N1C2C(C(C(O2)CO)O)O)N
OFCNXPDARWKPPY-UHFFFAOYSA-N;C1=C2C(=NC=NC2=O)NN1;C1=C2C(=NC=NC2=O)NN1
GOTYRUGSSMKFNF-UHFFFAOYSA-N;C1CC(=O)NC(=O)C1N2CC3=C(C2=O)C=CC=C3N;C1CC(=O)NC(=O)C1N2CC3=C(C2=O)C=CC=C3N
BLCLNMBMMGCOAS-URPVMXJPSA-N;CC(C)C[C@@H](C(=O)N[C@@H](CCCN=C(N)N)C(=O)N1CCC[C@H]1C(=O)NNC(=O)N)NC(=O)[C@@H](COC(C)(C)C)NC(=O)[C@H](CC2=CC=C(C=C2)O)NC(=O)[C@H](CO)NC(=O)[C@H](CC3=CNC4=CC=CC=C43)NC(=O)[C@H](CC5=CN=CN5)NC(=O)[C@@H]6CCC(=O)N6;CC(C)CC(C(=O)NC(CCCN=C(N)N)C(=O)N1CCCC1C(=O)NNC(=O)N)NC(=O)C(COC(C)(C)C)NC(=O)C(CC2=CC=C(C=C2)O)NC(=O)C(CO)NC(=O)C(CC3=CNC4=CC=CC=C43)NC(=O)C(CC5=CN=CN5)NC(=O)C6CCC(=O)N6
UEJJHQNACJXSKW-UHFFFAOYSA-N;C1CC(=O)NC(=O)C1N2C(=O)C3=CC=CC=C3C2=O;C1CC(=O)NC(=O)C1N2C(=O)C3=CC=CC=C3C2=O
UVSMNLNDYGZFPF-UHFFFAOYSA-N;C1CC(=O)NC(=O)C1N2C(=O)C3=C(C2=O)C(=CC=C3)N;C1CC(=O)NC(=O)C1N2C(=O)C3=C(C2=O)C(=CC=C3)N
HPJKCIUCZWXJDR-UHFFFAOYSA-N;C1=CC(=CC=C1C#N)C(C2=CC=C(C=C2)C#N)N3C=NC=N3;C1=CC(=CC=C1C#N)C(C2=CC=C(C=C2)C#N)N3C=NC=N3
AXRCEOKUDYDWLF-UHFFFAOYSA-N;CN1C=C(C2=CC=CC=C21)C3=C(C(=O)NC3=O)C4=CN(C5=CC=CC=C54)C6CCN(CC6)CC7=CC=CC=N7;CN1C=C(C2=CC=CC=C21)C3=C(C(=O)NC3=O)C4=CN(C5=CC=CC=C54)C6CCN(CC6)CC7=CC=CC=N7
BCFGMOOMADDAQU-UHFFFAOYSA-N;CS(=O)(=O)CCNCC1=CC=C(O1)C2=CC3=C(C=C2)N=CN=C3NC4=CC(=C(C=C4)OCC5=CC(=CC=C5)F)Cl;CS(=O)(=O)CCNCC1=CC=C(O1)C2=CC3=C(C=C2)N=CN=C3NC4=CC(=C(C=C4)OCC5=CC(=CC=C5)F)Cl
FPOHNWQLNRZRFC-ZHACJKMWSA-N;CC1=C(C2=CC=CC=C2N1)CCNCC3=CC=C(C=C3)/C=C/C(=O)NO;CC1=C(C2=CC=CC=C2N1)CCNCC3=CC=C(C=C3)C=CC(=O)NO
AEQFSUDEHCCHBT-UHFFFAOYSA-M;CCCC(CCC)C(=O)[O-].[Na+];CCCC(CCC)C(=O)[O-].[Na+]
QIUASFSNWYMDFS-NILGECQDSA-N;CC(=O)O[C@@H]1C[C@]2([C@@H](CCC2=O)C3=C1[C@]4([C@H](OC(=O)/C(=C/N(CC=C)CC=C)/C4=C(C3=O)O)COC)C)C;CC(=O)OC1CC2(C(CCC2=O)C3=C1C4(C(OC(=O)C(=CN(CC=C)CC=C)C4=C(C3=O)O)COC)C)C
BLQYVHBZHAISJM-CMDGGOBGSA-N;CC1=CC(=NN1)NC2=CC(=NC(=N2)/C=C/C3=CC=CC=C3)N4CCN(CC4)C;CC1=CC(=NN1)NC2=CC(=NC(=N2)C=CC3=CC=CC=C3)N4CCN(CC4)C
XMYKNCNAZKMVQN-NYYWCZLTSA-N;C1=CC(=C(N=C1)/C=N/NC(=S)N)N;C1=CC(=C(N=C1)C=NNC(=S)N)N
VWUXBMIQPBEWFH-WCCTWKNTSA-N;C[C@]12CC[C@H]3[C@H]([C@@H]1CC[C@@H]2O)[C@@H](CC4=C3C=CC(=C4)O)CCCCCCCCCS(=O)CCCC(C(F)(F)F)(F)F;CC12CCC3C(C1CCC2O)C(CC4=C3C=CC(=C4)O)CCCCCCCCCS(=O)CCCC(C(F)(F)F)(F)F
ZOCKGBMQLCSHFP-KQRAQHLDSA-N;CCCCC(=O)OCC(=O)[C@]1(C[C@@H](C2=C(C1)C(=C3C(=C2O)C(=O)C4=C(C3=O)C=CC=C4OC)O)O[C@H]5C[C@@H]([C@@H]([C@@H](O5)C)O)NC(=O)C(F)(F)F)O;CCCCC(=O)OCC(=O)C1(CC(C2=C(C1)C(=C3C(=C2O)C(=O)C4=C(C3=O)C=CC=C4OC)O)OC5CC(C(C(O5)C)O)NC(=O)C(F)(F)F)O
MHXGEROHKGDZGO-UHFFFAOYSA-N;CN1CCC(CC1)CNC2=NN3C(=NC=C3C4=CC(=CC=C4)OC(F)(F)F)C=C2;CN1CCC(CC1)CNC2=NN3C(=NC=C3C4=CC(=CC=C4)OC(F)(F)F)C=C2
LSXUTRRVVSPWDZ-WOTGAKFBSA-N;;
KXMZDGSRSGHMMK-VWLOTQADSA-N;C1CCN(C1)[C@H]2CCC3=C(CC2)C=C(C=C3)NC4=NN(C(=N4)N)C5=NN=C6C(=C5)CCCC7=CC=CC=C76;C1CCN(C1)C2CCC3=C(CC2)C=C(C=C3)NC4=NN(C(=N4)N)C5=NN=C6C(=C5)CCCC7=CC=CC=C76
SYYBDNPGDKKJDU-ZDUSSCGKSA-N;CC1=CC(=C(C=C1Br)NC(=O)NC2=NC=C(N=C2)C)OC[C@@H]3CNCCO3;CC1=CC(=C(C=C1Br)NC(=O)NC2=NC=C(N=C2)C)OCC3CNCCO3
CUIHSIWYWATEQL-UHFFFAOYSA-N;CC1=C(C=C(C=C1)NC2=NC=CC(=N2)N(C)C3=CC4=NN(C(=C4C=C3)C)C)S(=O)(=O)N;CC1=C(C=C(C=C1)NC2=NC=CC(=N2)N(C)C3=CC4=NN(C(=C4C=C3)C)C)S(=O)(=O)N
YIQPUIGJQJDJOS-UHFFFAOYSA-N;C1CNCCNCCCN(CCNC1)CC2=CC=C(C=C2)CN3CCCNCCNCCCNCC3;C1CNCCNCCCN(CCNC1)CC2=CC=C(C=C2)CN3CCCNCCNCCCNCC3
XZWYZXLIPXDOLR-UHFFFAOYSA-N;CN(C)C(=N)N=C(N)N;CN(C)C(=N)N=C(N)N
SJVQHLPISAIATJ-ZDUSSCGKSA-N;C[C@@H](C1=CC2=C(C(=CC=C2)Cl)C(=O)N1C3=CC=CC=C3)NC4=NC=NC5=C4NC=N5;CC(C1=CC2=C(C(=CC=C2)Cl)C(=O)N1C3=CC=CC=C3)NC4=NC=NC5=C4NC=N5
LRULVYSBRWUVGR-FOIFJWKZSA-N;C1CN(CCC1CN[C@@H]2CC2C3=CC=CC=C3)CC4=CC=C(C=C4)C(=O)O;C1CN(CCC1CNC2CC2C3=CC=CC=C3)CC4=CC=C(C=C4)C(=O)O
BUROJSBIWGDYCN-GAUTUEMISA-N;C[C@@H]1CC[C@H]2C[C@@H](/C(=C/C=C/C=C/[C@H](C[C@H](C(=O)[C@@H]([C@@H](/C(=C/[C@H](C(=O)C[C@H](OC(=O)[C@@H]3CCCCN3C(=O)C(=O)[C@@]1(O2)O)[C@H](C)C[C@@H]4CC[C@H]([C@@H](C4)OC)OP(=O)(C)C)C)/C)O)OC)C)C)/C)OC;CC1CCC2CC(C(=CC=CC=CC(CC(C(=O)C(C(C(=CC(C(=O)CC(OC(=O)C3CCCCN3C(=O)C(=O)C1(O2)O)C(C)CC4CCC(C(C4)OC)OP(=O)(C)C)C)C)O)OC)C)C)C)OC
QJJXYPPXXYFBGM-LFZNUXCKSA-N;C[C@@H]1C[C@@H]([C@@H]2[C@H](C[C@H]([C@@](O2)(C(=O)C(=O)N3CCCC[C@H]3C(=O)O[C@@H]([C@@H]([C@H](CC(=O)[C@@H](/C=C(/C1)\C)CC=C)O)C)/C(=C/[C@@H]4CC[C@H]([C@@H](C4)OC)O)/C)O)C)OC)OC;CC1CC(C2C(CC(C(O2)(C(=O)C(=O)N3CCCCC3C(=O)OC(C(C(CC(=O)C(C=C(C1)C)CC=C)O)C)C(=CC4CCC(C(C4)OC)O)C)O)C)OC)OC
JHDKZFFAIZKUCU-ZRDIBKRKSA-N;CCCCC1=NC2=C(N1CCN(CC)CC)C=CC(=C2)/C=C/C(=O)NO;CCCCC1=NC2=C(N1CCN(CC)CC)C=CC(=C2)C=CC(=O)NO
DLBNRDWREIUHLD-UHFFFAOYSA-L;Cl[Pt+2]Cl;Cl[Pt+2]Cl
MKXKFYHWDHIYRV-UHFFFAOYSA-N;CC(C)C(=O)NC1=CC(=C(C=C1)[N+](=O)[O-])C(F)(F)F;CC(C)C(=O)NC1=CC(=C(C=C1)[N+](=O)[O-])C(F)(F)F
ZROHGHOFXNOHSO-BNTLRKBRSA-L;C1CC[C@H]([C@@H](C1)N)N.C(=O)(C(=O)[O-])[O-].[Pt+2];C1CCC(C(C1)N)N.C(=O)(C(=O)[O-])[O-].[Pt+2]
QFJCIRLUMZQUOT-HPLJOQBZSA-N;C[C@@H]1CC[C@H]2C[C@@H](/C(=C/C=C/C=C/[C@H](C[C@H](C(=O)[C@@H]([C@@H](/C(=C/[C@H](C(=O)C[C@H](OC(=O)[C@@H]3CCCCN3C(=O)C(=O)[C@@]1(O2)O)[C@H](C)C[C@@H]4CC[C@H]([C@@H](C4)OC)O)C)/C)O)OC)C)C)/C)OC;CC1CCC2CC(C(=CC=CC=CC(CC(C(=O)C(C(C(=CC(C(=O)CC(OC(=O)C3CCCCN3C(=O)C(=O)C1(O2)O)C(C)CC4CCC(C(C4)OC)O)C)C)O)OC)C)C)C)OC
CPRAGQJXBLMUEL-UHFFFAOYSA-N;CC1=CN2C(=O)C=C(N=C2C(=C1)C(C)NC3=CC=CC=C3)N4CCOCC4;CC1=CN2C(=O)C=C(N=C2C(=C1)C(C)NC3=CC=CC=C3)N4CCOCC4
QGZYDVAGYRLSKP-UHFFFAOYSA-N;C1=CC=C(C=C1)N(C2=CC=CC=C2)C3=NC=C(C=N3)C(=O)NCCCCCCC(=O)NO;C1=CC=C(C=C1)N(C2=CC=CC=C2)C3=NC=C(C=N3)C(=O)NCCCCCCC(=O)NO
RITAVMQDGBJQJZ-FMIVXFBMSA-N;CNC(=O)C1=CC=CC=C1SC2=CC3=C(C=C2)C(=NN3)/C=C/C4=CC=CC=N4;CNC(=O)C1=CC=CC=C1SC2=CC3=C(C=C2)C(=NN3)C=CC4=CC=CC=N4
CCQPAEQGAVNNIA-UHFFFAOYSA-N;C1CC(C1)(C(=O)O)C(=O)O;C1CC(C1)(C(=O)O)C(=O)O
ROFVXGGUISEHAM-UHFFFAOYSA-N;C1CCC(CC1)NC(=O)OC2=CC=CC(=C2)C3=CC(=CC=C3)C(=O)N;C1CCC(CC1)NC(=O)OC2=CC=CC(=C2)C3=CC(=CC=C3)C(=O)N
JKMWZKPAXZBYEH-BGDIREAQSA-N;C1CC2=C(C=C(C=C2)C3=NC(=C(S3)CCCOC4=CC=C(C=C4)CN)C(=O)O)/C(=N\NC5=NC6=CC=CC=C6S5)/C1;C1CC2=C(C=C(C=C2)C3=NC(=C(S3)CCCOC4=CC=C(C=C4)CN)C(=O)O)C(=NNC5=NC6=CC=CC=C6S5)C1
CXQHYVUVSFXTMY-UHFFFAOYSA-N;COC1=CC2=C(C=CN=C2C=C1OCCCN3CCOCC3)OC4=C(C=C(C=C4)NC(=O)C5(CC5)C(=O)NC6=CC=C(C=C6)F)F;COC1=CC2=C(C=CN=C2C=C1OCCCN3CCOCC3)OC4=C(C=C(C=C4)NC(=O)C5(CC5)C(=O)NC6=CC=C(C=C6)F)F
SCELLOWTHJGVIC-BGYRXZFFSA-N;C[C@@H]1CN(C[C@@H](O1)C)CC(=O)NC2=CC3=C(C=C2)SC4=C(C3)C=CC=C4C5=CC(=O)C=C(O5)N6CCOCC6;CC1CN(CC(O1)C)CC(=O)NC2=CC3=C(C=C2)SC4=C(C3)C=CC=C4C5=CC(=O)C=C(O5)N6CCOCC6
ZLEZHGHFWIHCGU-UHFFFAOYSA-N;CN1CCN(CC1)C2=NC=C(C(=C2)C(=O)NC3=CC4=C(CCC5=C4N(N=C5C(=O)N)C6=CC=C(C=C6)F)C=C3)Cl;CN1CCN(CC1)C2=NC=C(C(=C2)C(=O)NC3=CC4=C(CCC5=C4N(N=C5C(=O)N)C6=CC=C(C=C6)F)C=C3)Cl
ZBNZXTGUTAYRHI-UHFFFAOYSA-N;CC1=C(C(=CC=C1)Cl)NC(=O)C2=CN=C(S2)NC3=CC(=NC(=N3)C)N4CCN(CC4)CCO;CC1=C(C(=CC=C1)Cl)NC(=O)C2=CN=C(S2)NC3=CC(=NC(=N3)C)N4CCN(CC4)CCO
SOLIIYNRSAWTSQ-UHFFFAOYSA-N;C1=CC=C2C(=C1)C(=CN2CC3=CC=C(C=C3)Cl)C(=O)C(=O)NC4=CC=NC=C4;C1=CC=C2C(=C1)C(=CN2CC3=CC=C(C=C3)Cl)C(=O)C(=O)NC4=CC=NC=C4
WVSBGSNVCDAMCF-UHFFFAOYSA-N;C1CCC(C1)C2=C(C=CC(=C2)C3=CNC4=C3C=C(C=N4)C5=CC=CC=C5)C(=O)O;C1CCC(C1)C2=C(C=CC(=C2)C3=CNC4=C3C=C(C=N4)C5=CC=CC=C5)C(=O)O
XUKUURHRXDUEBC-KAYWLYCHSA-M;CC(C)C1=C(C(=C(N1CC[C@H](C[C@H](CC(=O)[O-])O)O)C2=CC=C(C=C2)F)C3=CC=CC=C3)C(=O)NC4=CC=CC=C4;CC(C)C1=C(C(=C(N1CCC(CC(CC(=O)[O-])O)O)C2=CC=C(C=C2)F)C3=CC=CC=C3)C(=O)NC4=CC=CC=C4
PBCZSGKMGDDXIJ-HQCWYSJUSA-N;C[C@@]12[C@@H]([C@@H](C[C@@H](O1)N3C4=CC=CC=C4C5=C6C(=C7C8=CC=CC=C8N2C7=C53)[C@H](NC6=O)O)NC)OC;CC12C(C(CC(O1)N3C4=CC=CC=C4C5=C6C(=C7C8=CC=CC=C8N2C7=C53)C(NC6=O)O)NC)OC
YCOYDOIWSSHVCK-UHFFFAOYSA-N;C1=CC=C2C(=C1)C(=NN=C2NC3=CC=C(C=C3)Cl)CC4=CC=NC=C4;C1=CC=C2C(=C1)C(=NN=C2NC3=CC=C(C=C3)Cl)CC4=CC=NC=C4
KMGZJEWJXAGHOP-UHFFFAOYSA-N;CC(C)N1C2=NC=NC(=C2C(=N1)C3=CC4=C(C=C3)N=C(O4)N)N;CC(C)N1C2=NC=NC(=C2C(=N1)C3=CC4=C(C=C3)N=C(O4)N)N
PMJIHLSCWIDGMD-UHFFFAOYSA-N;C1=CC=C(C=C1)CN2C(=O)N(SC2=O)C3=CC=CC4=CC=CC=C43;C1=CC=C(C=C1)CN2C(=O)N(SC2=O)C3=CC=CC4=CC=CC=C43
BGBNULCRKBVAKL-UHFFFAOYSA-N;COCC1(C(=O)C2CCN1CC2)CO;COCC1(C(=O)C2CCN1CC2)CO
SDUQYLNIPVEERB-QPPQHZFASA-O;C1=C(NC(=O)[N+](=C1)[C@H]2C([C@@H]([C@H](O2)CO)O)(F)F)N;C1=C(NC(=O)[N+](=C1)C2C(C(C(O2)CO)O)(F)F)N
OUKYUETWWIPKQR-UHFFFAOYSA-N;CN1CCN(CC1)CCOC2=CC3=C(C(=C2)OC4CCOCC4)C(=NC=N3)NC5=C(C=CC6=C5OCO6)Cl;CN1CCN(CC1)CCOC2=CC3=C(C(=C2)OC4CCOCC4)C(=NC=N3)NC5=C(C=CC6=C5OCO6)Cl
CGBJSGAELGCMKE-UHFFFAOYSA-N;COC1=C(C=C(C=N1)C2=CC3=C(C=CN=C3C=C2)C4=CN=NC=C4)NS(=O)(=O)C5=C(C=C(C=C5)F)F;COC1=C(C=C(C=N1)C2=CC3=C(C=CN=C3C=C2)C4=CN=NC=C4)NS(=O)(=O)C5=C(C=C(C=C5)F)F
AHYMHWXQRWRBKT-UHFFFAOYSA-N;CN1CCC(CC1)COC2=CN=C(N=C2)C3=CC=CC(=C3)CN4C(=O)C=CC(=N4)C5=CC=CC(=C5)C#N;CN1CCC(CC1)COC2=CN=C(N=C2)C3=CC=CC(=C3)CN4C(=O)C=CC(=N4)C5=CC=CC(=C5)C#N
YUKWVHPTFRQHMF-UHFFFAOYSA-N;CN1CCC(CC1)OC2=CC(=C(C=C2)NC3=NC=C4C(=N3)N(C(=O)N4C)C5CCCC5)OC;CN1CCC(CC1)OC2=CC(=C(C=C2)NC3=NC=C4C(=N3)N(C(=O)N4C)C5CCCC5)OC
CFCUWKMKBJTWLW-BGLFSJPPSA-N;C[C@@H]1[C@H]([C@@H](C[C@@H](O1)O[C@@H]2C[C@@H](O[C@@H]([C@@H]2O)C)OC3=CC4=CC5=C(C(=O)[C@H]([C@@H](C5)[C@@H](C(=O)[C@H]([C@@H](C)O)O)OC)O[C@H]6C[C@H]([C@@H]([C@H](O6)C)O)O[C@H]7C[C@H]([C@@H]([C@H](O7)C)O)O[C@H]8C[C@]([C@@H]([C@H](O8)C)O)(C)O)C(=C4C(=C3C)O)O)O)O;CC1C(C(CC(O1)OC2CC(OC(C2O)C)OC3=CC4=CC5=C(C(=O)C(C(C5)C(C(=O)C(C(C)O)O)OC)OC6CC(C(C(O6)C)O)OC7CC(C(C(O7)C)O)OC8CC(C(C(O8)C)O)(C)O)C(=C4C(=C3C)O)O)O)O
SHGAZHPCJJPHSC-YCNIQYBTSA-N;CC1=C(C(CCC1)(C)C)/C=C/C(=C/C=C/C(=C/C(=O)O)/C)/C;CC1=C(C(CCC1)(C)C)C=CC(=CC=CC(=CC(=O)O)C)C
SWZXEVABPLUDIO-WSZYKNRRSA-N;CC1=NC=C(S1)C(=O)N[C@@H](COC)C(=O)N[C@@H](COC)C(=O)N[C@@H](CC2=CC=CC=C2)C(=O)[C@]3(CO3)C;CC1=NC=C(S1)C(=O)NC(COC)C(=O)NC(COC)C(=O)NC(CC2=CC=CC=C2)C(=O)C3(CO3)C
JUSFANSTBFGBAF-IRXDYDNUSA-N;C[C@H]1COCCN1C2=NC(=NC3=C2C=CC(=N3)C4=CC(=CC=C4)C(=O)NC)N5CCOC[C@@H]5C;CC1COCCN1C2=NC(=NC3=C2C=CC(=N3)C4=CC(=CC=C4)C(=O)NC)N5CCOCC5C
ZTFBIUXIQYRUNT-MDWZMJQESA-N;C1=CC(=CC=C1CCCCN2C=CN=N2)OCC3=COC(=N3)/C=C/C4=CC=C(C=C4)C(F)(F)F;C1=CC(=CC=C1CCCCN2C=CN=N2)OCC3=COC(=N3)C=CC4=CC=C(C=C4)C(F)(F)F
UJGTUKMAJVCBIS-UHFFFAOYSA-N;CC1=C(C=CC(=C1)OCC2=NN=C(N2C3=CN=CC=C3)SC4CCCC4)C5=CC=C(C=C5)S(=O)(=O)C;CC1=C(C=CC(=C1)OCC2=NN=C(N2C3=CN=CC=C3)SC4CCCC4)C5=CC=C(C=C5)S(=O)(=O)C
VHVPQPYKVGDNFY-ZPGVKDDISA-N;CCC(C)N1C(=O)N(C=N1)C2=CC=C(C=C2)N3CCN(CC3)C4=CC=C(C=C4)OC[C@H]5CO[C@](O5)(CN6C=NC=N6)C7=C(C=C(C=C7)Cl)Cl;CCC(C)N1C(=O)N(C=N1)C2=CC=C(C=C2)N3CCN(CC3)C4=CC=C(C=C4)OCC5COC(O5)(CN6C=NC=N6)C7=C(C=C(C=C7)Cl)Cl
GKJCVYLDJWTWQU-CXLRFSCWSA-N;C[C@H](C1=C(C=NC=C1Cl)Cl)OC2=CC3=C(C=C2)NN=C3/C=C/C4=CN(N=C4)CCO;CC(C1=C(C=NC=C1Cl)Cl)OC2=CC3=C(C=C2)NN=C3C=CC4=CN(N=C4)CCO
BGFHMYJZJZLMHW-UHFFFAOYSA-N;CC(C)N1C=NC2=C(N=C(N=C21)C3=CSC4=CC=CC=C43)NCCC5=CC=C(C=C5)O;CC(C)N1C=NC2=C(N=C(N=C21)C3=CSC4=CC=CC=C43)NCCC5=CC=C(C=C5)O
INVTYAOGFAGBOE-UHFFFAOYSA-N;C1=CC=C(C(=C1)N)NC(=O)C2=CC=C(C=C2)CNC(=O)OCC3=CN=CC=C3;C1=CC=C(C(=C1)N)NC(=O)C2=CC=C(C=C2)CNC(=O)OCC3=CN=CC=C3
LXFOLMYKSYSZQS-LURJZOHASA-N;;
DWZAEMINVBZMHQ-UHFFFAOYSA-N;CN(C)C1CCN(CC1)C(=O)C2=CC=C(C=C2)NC(=O)NC3=CC=C(C=C3)C4=NC(=NC(=N4)N5CCOCC5)N6CCOCC6;CN(C)C1CCN(CC1)C(=O)C2=CC=C(C=C2)NC(=O)NC3=CC=C(C=C3)C4=NC(=NC(=N4)N5CCOCC5)N6CCOCC6
ZOPBZHLJXQAQON-VWLOTQADSA-N;CC1=C(C=C(C=C1)NC(=O)C2=CC(=C(C=C2)CN3CC[C@@H](C3)N(C)C)C(F)(F)F)NC4=NC=C(C=N4)C5=CN=CN=C5;CC1=C(C=C(C=C1)NC(=O)C2=CC(=C(C=C2)CN3CCC(C3)N(C)C)C(F)(F)F)NC4=NC=C(C=N4)C5=CN=CN=C5
JWBOIMRXGHLCPP-CYBMUJFWSA-N;C1=CC=C(C(=C1)[C@@H](C2=CC=C(C=C2)Cl)C(Cl)Cl)Cl;C1=CC=C(C(=C1)C(C2=CC=C(C=C2)Cl)C(Cl)Cl)Cl
RZEKVGVHFLEQIL-UHFFFAOYSA-N;CC1=CC=C(C=C1)C2=CC(=NN2C3=CC=C(C=C3)S(=O)(=O)N)C(F)(F)F;CC1=CC=C(C=C1)C2=CC(=NN2C3=CC=C(C=C3)S(=O)(=O)N)C(F)(F)F
RAHBGWKEPAQNFF-UHFFFAOYSA-N;CC1(CNC2=C1C=CC(=C2)NC(=O)C3=C(N=CC=C3)NCC4=CC=NC=C4)C;CC1(CNC2=C1C=CC(=C2)NC(=O)C3=C(N=CC=C3)NCC4=CC=NC=C4)C
BIIVYFLTOXDAOV-YVEFUNNKSA-N;CN1CC[C@@H]([C@@H](C1)O)C2=C(C=C(C3=C2OC(=CC3=O)C4=CC=CC=C4Cl)O)O;CN1CCC(C(C1)O)C2=C(C=C(C3=C2OC(=CC3=O)C4=CC=CC=C4Cl)O)O
JCINBYQJBYJGDM-UHFFFAOYSA-N;CCN1C(=CC2=C3C(=C(N=C21)NC4=NN(C(=C4)C)C)N=CN3C)C(=O)N(C5CC5)C6CC6;CCN1C(=CC2=C3C(=C(N=C21)NC4=NN(C(=C4)C)C)N=CN3C)C(=O)N(C5CC5)C6CC6
CWHUFRVAEUJCEF-UHFFFAOYSA-N;C1COCCN1C2=NC(=NC(=C2)C3=CN=C(C=C3C(F)(F)F)N)N4CCOCC4;C1COCCN1C2=NC(=NC(=C2)C3=CN=C(C=C3C(F)(F)F)N)N4CCOCC4
QKICWELGRMTQCR-UHFFFAOYSA-N;CCN(CC)CCCC(C)NC1=C2C=CC(=CC2=NC=C1)Cl.OP(=O)(O)O.OP(=O)(O)O;CCN(CC)CCCC(C)NC1=C2C=CC(=CC2=NC=C1)Cl.OP(=O)(O)O.OP(=O)(O)O
IWEQQRMGNVVKQW-OQKDUQJOSA-N;CN(C)CCOC1=CC=C(C=C1)/C(=C(/CCCl)\C2=CC=CC=C2)/C3=CC=CC=C3.C(C(=O)O)C(CC(=O)O)(C(=O)O)O;CN(C)CCOC1=CC=C(C=C1)C(=C(CCCl)C2=CC=CC=C2)C3=CC=CC=C3.C(C(=O)O)C(CC(=O)O)(C(=O)O)O
PKWRMUKBEYJEIX-DXXQBUJASA-N;CC[C@@H](C(=O)N1C[C@H](C[C@H]1CC2=C(NC3=C2C=CC(=C3)F)C4=C(C5=C(N4)C=C(C=C5)F)C[C@@H]6C[C@@H](CN6C(=O)[C@H](CC)NC(=O)[C@H](C)NC)O)O)NC(=O)[C@H](C)NC;CCC(C(=O)N1CC(CC1CC2=C(NC3=C2C=CC(=C3)F)C4=C(C5=C(N4)C=C(C=C5)F)CC6CC(CN6C(=O)C(CC)NC(=O)C(C)NC)O)O)NC(=O)C(C)NC
RVJIQAYFTOPTKK-UHFFFAOYSA-N;CC(C)(C)CNCCN1C2=C(C(=NC=C2)N)N=C1SC3=CC4=C(C=C3N(C)C)OCO4;CC(C)(C)CNCCN1C2=C(C(=NC=C2)N)N=C1SC3=CC4=C(C=C3N(C)C)OCO4
QULDDKSCVCJTPV-UHFFFAOYSA-N;CC1=CN=C(C(=C1OC)C)CN2C=NC3=C2N=C(N=C3Cl)N;CC1=CN=C(C(=C1OC)C)CN2C=NC3=C2N=C(N=C3Cl)N
SXNJFOWDRLKDSF-STROYTFGSA-N;;
YOVNFNXUCOWYSG-UHFFFAOYSA-N;CCN1C2=CC(=NC=C2N=C1C3=NON=C3N)OC4=CC=CC(=C4)NC(=O)C5=CC=C(C=C5)OCCN6CCOCC6;CCN1C2=CC(=NC=C2N=C1C3=NON=C3N)OC4=CC=CC(=C4)NC(=O)C5=CC=C(C=C5)OCCN6CCOCC6
XQVVPGYIWAGRNI-JOCHJYFZSA-N;CC[C@@H]1C(=O)N(C2=CN=C(N=C2N1C3CCCC3)NC4=C(C=C(C=C4)C(=O)NC5CCN(CC5)C)OC)C;CCC1C(=O)N(C2=CN=C(N=C2N1C3CCCC3)NC4=C(C=C(C=C4)C(=O)NC5CCN(CC5)C)OC)C
AOJJSUZBOXZQNB-TZSSRYMLSA-N;C[C@H]1[C@H]([C@H](C[C@@H](O1)O[C@H]2C[C@@](CC3=C2C(=C4C(=C3O)C(=O)C5=C(C4=O)C(=CC=C5)OC)O)(C(=O)CO)O)N)O;CC1C(C(CC(O1)OC2CC(CC3=C2C(=C4C(=C3O)C(=O)C5=C(C4=O)C(=CC=C5)OC)O)(C(=O)CO)O)N)O
OBMJQRLIQQTJLR-USGQOSEYSA-N;C[C@H]1[C@H]([C@H](C[C@@H](O1)O[C@H]2C[C@@](CC3=C2C(=C4C(=C3O)C(=O)C5=C(C4=O)C(=CC=C5)OC)O)(/C(=N/NC(=O)CCCCCN6C(=O)C=CC6=O)/CO)O)N)O;CC1C(C(CC(O1)OC2CC(CC3=C2C(=C4C(=C3O)C(=O)C5=C(C4=O)C(=CC=C5)OC)O)(C(=NNC(=O)CCCCCN6C(=O)C=CC6=O)CO)O)N)O
HWUHTJIKQZZBRA-UHFFFAOYSA-N;C1CC(C1)(C2=CC=C(C=C2)C3=C(C=C4C(=N3)C=CN5C4=NNC5=O)C6=CC=CC=C6)N.Cl.Cl;C1CC(C1)(C2=CC=C(C=C2)C3=C(C=C4C(=N3)C=CN5C4=NNC5=O)C6=CC=CC=C6)N.Cl.Cl
UZWDCWONPYILKI-UHFFFAOYSA-N;CCN1CCN(CC1)CC2=CN=C(C=C2)NC3=NC=C(C(=N3)C4=CC5=C(C(=C4)F)N=C(N5C(C)C)C)F;CCN1CCN(CC1)CC2=CN=C(C=C2)NC3=NC=C(C(=N3)C4=CC5=C(C(=C4)F)N=C(N5C(C)C)C)F
PZBCKZWLPGJMAO-UHFFFAOYSA-N;COC1=C(C=CC2=C1N=C(N3C2=NCC3)NC(=O)C4=CN=C(N=C4)N)OCCCN5CCOCC5;COC1=C(C=CC2=C1N=C(N3C2=NCC3)NC(=O)C4=CN=C(N=C4)N)OCCCN5CCOCC5
RVAQIUULWULRNW-UHFFFAOYSA-N;CC(C)C1=C(C=C(C(=C1)C2=NNC(=O)N2C3=CC4=C(C=C3)N(C=C4)C)O)O;CC(C)C1=C(C=C(C(=C1)C2=NNC(=O)N2C3=CC4=C(C=C3)N(C=C4)C)O)O
ACWZRVQXLIRSDF-UHFFFAOYSA-N;CN1C=NC2=C1C=C(C(=C2F)NC3=C(C=C(C=C3)Br)F)C(=O)NOCCO;CN1C=NC2=C1C=C(C(=C2F)NC3=C(C=C(C=C3)Br)F)C(=O)NOCCO
CAOSCCRYLYQBES-UHFFFAOYSA-N;C1=CC=C(C=C1)CN2C3=CC=CC=C3C(=C(C2=O)C(=O)NCC(=O)O)O;C1=CC=C(C=C1)CN2C3=CC=CC=C3C(=C(C2=O)C(=O)NCC(=O)O)O
LQVXSNNAFNGRAH-QHCPKHFHSA-N;C[C@]1(CCCN1C2=NN3C=CC=C3C(=N2)NC4=NNC(=C4)C5CC5)C(=O)NC6=CN=C(C=C6)F;CC1(CCCN1C2=NN3C=CC=C3C(=N2)NC4=NNC(=C4)C5CC5)C(=O)NC6=CN=C(C=C6)F
GZUITABIAKMVPG-UHFFFAOYSA-N;C1CCN(CC1)CCOC2=CC=C(C=C2)C(=O)C3=C(SC4=C3C=CC(=C4)O)C5=CC=C(C=C5)O;C1CCN(CC1)CCOC2=CC=C(C=C2)C(=O)C3=C(SC4=C3C=CC(=C4)O)C5=CC=C(C=C5)O
GXJABQQUPOEUTA-DOTOQJQBSA-N;B([C@@H](CC(C)C)NC(=O)[C@H](CC1=CC=CC=C1)NC(=O)C2=NC=CN=C2)(O)O;B(C(CC(C)C)NC(=O)C(CC1=CC=CC=C1)NC(=O)C2=NC=CN=C2)(O)O
HOGVTUZUJGHKPL-HTVVRFAVSA-N;CN1C2=NC=NC3=C2C(=CN3[C@H]4[C@@H]([C@@H]([C@H](O4)CO)O)O)C(=N1)N;CN1C2=NC=NC3=C2C(=CN3C4C(C(C(O4)CO)O)O)C(=N1)N
OYVAGSVQBOHSSS-UAPAGMARSA-O;CC1=C(N=C(N=C1N)[C@H](CC(=O)N)NC[C@@H](C(=O)N)N)C(=O)N[C@@H]([C@H](C2=CN=CN2)O[C@H]3[C@H]([C@H]([C@@H]([C@@H](O3)CO)O)O)O[C@@H]4[C@H]([C@H]([C@@H]([C@H](O4)CO)O)OC(=O)N)O)C(=O)N[C@H](C)[C@H]([C@H](C)C(=O)N[C@@H]([C@@H](C)O)C(=O)NCCC5=NC(=CS5)C6=NC(=CS6)C(=O)NCCC[S+](C)C)O;CC1=C(N=C(N=C1N)C(CC(=O)N)NCC(C(=O)N)N)C(=O)NC(C(C2=CN=CN2)OC3C(C(C(C(O3)CO)O)O)OC4C(C(C(C(O4)CO)O)OC(=O)N)O)C(=O)NC(C)C(C(C)C(=O)NC(C(C)O)C(=O)NCCC5=NC(=CS5)C6=NC(=CS6)C(=O)NCCC[S+](C)C)O
FECGNJPYVFEKOD-VMPITWQZSA-N;CN(C)CC1=CC=C(C=C1)S(=O)(=O)N2C=CC(=C2)/C=C/C(=O)NO;CN(C)CC1=CC=C(C=C1)S(=O)(=O)N2C=CC(=C2)C=CC(=O)NO
RYMZZMVNJRMUDD-HGQWONQESA-N;CCC(C)(C)C(=O)O[C@H]1C[C@H](C=C2[C@H]1[C@H]([C@H](C=C2)C)CC[C@@H]3C[C@H](CC(=O)O3)O)C;CCC(C)(C)C(=O)OC1CC(C=C2C1C(C(C=C2)C)CCC3CC(CC(=O)O3)O)C
PTOAARAWEBMLNO-SRQIZXRXSA-N;C1[C@H]([C@@H](O[C@@H]1N2C=NC3=C(N=C(N=C32)Cl)N)CO)O;C1C(C(OC1N2C=NC3=C(N=C(N=C32)Cl)N)CO)O
AQOKCDNYWBIDND-FTOWTWDKSA-N;CCNC(=O)CCC/C=C\C[C@H]1[C@H](C[C@H]([C@@H]1/C=C/[C@H](CCC2=CC=CC=C2)O)O)O;CCNC(=O)CCCC=CCC1C(CC(C1C=CC(CCC2=CC=CC=C2)O)O)O
XGALLCVXEZPNRQ-UHFFFAOYSA-N;COC1=C(C=C2C(=C1)N=CN=C2NC3=CC(=C(C=C3)F)Cl)OCCCN4CCOCC4;COC1=C(C=C2C(=C1)N=CN=C2NC3=CC(=C(C=C3)F)Cl)OCCCN4CCOCC4
ZVHNDZWQTBEVRY-UHFFFAOYSA-N;C1COCCN1C2=CC=C(C=C2)NC3=NC=CC(=N3)C4=CC=C(C=C4)C(=O)NCC#N;C1COCCN1C2=CC=C(C=C2)NC3=NC=CC(=N3)C4=CC=C(C=C4)C(=O)NCC#N
XUZMWHLSFXCVMG-UHFFFAOYSA-N;CCS(=O)(=O)N1CC(C1)(CC#N)N2C=C(C=N2)C3=C4C=CNC4=NC=N3;CCS(=O)(=O)N1CC(C1)(CC#N)N2C=C(C=N2)C3=C4C=CNC4=NC=N3
BMMXYEBLEBULND-UHFFFAOYSA-N;CN1C2=CN=C3C=CC(=CC3=C2N(C1=O)C4=CC(=C(C=C4)N5CCNCC5)C(F)(F)F)C6=CN=C(C=C6)OC;CN1C2=CN=C3C=CC(=CC3=C2N(C1=O)C4=CC(=C(C=C4)N5CCNCC5)C(F)(F)F)C6=CN=C(C=C6)OC
KBFUQFVFYYBHBT-UHFFFAOYSA-N;C1=CC=C(C=C1)C(C2=CC=CC=C2)(C3=CC=CC=C3Cl)N4C=CC=N4;C1=CC=C(C=C1)C(C2=CC=CC=C2)(C3=CC=CC=C3Cl)N4C=CC=N4
DYNHJHQFHQTFTP-UHFFFAOYSA-N;CC1(COC1)COC2=CC3=C(C=C2)N(C=N3)C4=NC5=C(C=CC=C5N6CCC(CC6)N)C=C4;CC1(COC1)COC2=CC3=C(C=C2)N(C=N3)C4=NC5=C(C=CC=C5N6CCC(CC6)N)C=C4
OAVGBZOFDPFGPJ-UHFFFAOYSA-N;CN1CCN(CC1)C2=NC3=CC=CC=C3C(=N2)C4=C(C(=O)NC4=O)C5=CNC6=CC=CC=C65;CN1CCN(CC1)C2=NC3=CC=CC=C3C(=N2)C4=C(C(=O)NC4=O)C5=CNC6=CC=CC=C65
WUDBUIUHVNECTM-UHFFFAOYSA-N;C1CCC(CC1)N2C=NC(=C2C3=NC(=NC=C3)N)C4=CC=C(C=C4)F;C1CCC(CC1)N2C=NC(=C2C3=NC(=NC=C3)N)C4=CC=C(C=C4)F
HYFHYPWGAURHIV-JFIAXGOJSA-N;CC(C)(CCC[C@@](CC(=O)OC)(C(=O)O[C@H]1[C@H]2C3=CC4=C(C=C3CCN5[C@@]2(CCC5)C=C1OC)OCO4)O)O;CC(C)(CCCC(CC(=O)OC)(C(=O)OC1C2C3=CC4=C(C=C3CCN5C2(CCC5)C=C1OC)OCO4)O)O
PHXJVRSECIGDHY-UHFFFAOYSA-N;CC1=C(C=C(C=C1)C(=O)NC2=CC(=C(C=C2)CN3CCN(CC3)C)C(F)(F)F)C#CC4=CN=C5N4N=CC=C5;CC1=C(C=C(C=C1)C(=O)NC2=CC(=C(C=C2)CN3CCN(CC3)C)C(F)(F)F)C#CC4=CN=C5N4N=CC=C5
FWFGIHPGRQZWIW-SQNIBIBYSA-N;CC(C)C[C@H]([C@@H](C(=O)NO)O)C(=O)N[C@@H](C1=CC=CC=C1)C(=O)OC2CCCC2;CC(C)CC(C(C(=O)NO)O)C(=O)NC(C1=CC=CC=C1)C(=O)OC2CCCC2
AMLYAMJWYAIXIA-VWNVYAMZSA-N;CC(C)[C@H]1C(=O)N[C@H](C(=O)NCC(=O)N[C@H](C(=O)N[C@@H](C(=O)N1C)CC2=CC=CC=C2)CC(=O)O)CCCN=C(N)N;CC(C)C1C(=O)NC(C(=O)NCC(=O)NC(C(=O)NC(C(=O)N1C)CC2=CC=CC=C2)CC(=O)O)CCCN=C(N)N
SYTBZMRGLBWNTM-SNVBAGLBSA-N;C[C@H](C1=CC(=C(C=C1)C2=CC=CC=C2)F)C(=O)O;CC(C1=CC(=C(C=C1)C2=CC=CC=C2)F)C(=O)O
FDLYAMZZIXQODN-UHFFFAOYSA-N;C1CC1C(=O)N2CCN(CC2)C(=O)C3=C(C=CC(=C3)CC4=NNC(=O)C5=CC=CC=C54)F;C1CC1C(=O)N2CCN(CC2)C(=O)C3=C(C=CC(=C3)CC4=NNC(=O)C5=CC=CC=C54)F
HFNKQEVNSGCOJV-HNNXBMFYSA-N;C1CCC(C1)[C@H](CC#N)N2C=C(C=N2)C3=C4C=CNC4=NC=N3;C1CCC(C1)C(CC#N)N2C=C(C=N2)C3=C4C=CNC4=NC=N3
UREBDLICKHMUKA-CXSFZGCWSA-N;C[C@@H]1C[C@H]2[C@@H]3CCC4=CC(=O)C=C[C@@]4([C@]3([C@H](C[C@@]2([C@]1(C(=O)CO)O)C)O)F)C;CC1CC2C3CCC4=CC(=O)C=CC4(C3(C(CC2(C1(C(=O)CO)O)C)O)F)C
GRZXWCHAXNAUHY-NSISKUIASA-N;C[C@@H]1C[C@H](C2=C1C(=NC=N2)N3CCN(CC3)C(=O)[C@H](CNC(C)C)C4=CC=C(C=C4)Cl)O;CC1CC(C2=C1C(=NC=N2)N3CCN(CC3)C(=O)C(CNC(C)C)C4=CC=C(C=C4)Cl)O
ROBVIMPUHSLWNV-UHFFFAOYSA-N;CCC1(CCC(=O)NC1=O)C2=CC=C(C=C2)N;CCC1(CCC(=O)NC1=O)C2=CC=C(C=C2)N
WHMXDBPHBVLYRC-OFVILXPXSA-N;C[C@@H](C1=CC=CN2C1=NC(=C2)C3=CC=C(C=C3)C[C@@H](CNC(=O)CN(C)C)NC(=O)C4=CC(=C(C=C4)OC(C)C)Cl)O;CC(C)OC1=C(C=C(C=C1)C(=O)NC(CC2=CC=C(C=C2)C3=CN4C=CC=C(C4=N3)C(C)O)CNC(=O)CN(C)C)Cl
QLPHOXTXAKOFMU-WBVHZDCISA-N;C[C@@H]1CC[C@@H](CN1C2=NC(=NC(=C2)C3=CC4=C(C=C3)C(=NN4)N)NC)C(=O)NC5CCCCC5;CC1CCC(CN1C2=NC(=NC(=C2)C3=CC4=C(C=C3)C(=NN4)N)NC)C(=O)NC5CCCCC5
ZYRLHJIMTROTBO-UHFFFAOYSA-N;C1=CC=C(C=C1)CSCCC(CCCCC(=O)O)SCC2=CC=CC=C2;C1=CC=C(C=C1)CSCCC(CCCCC(=O)O)SCC2=CC=CC=C2
YBBLVLTVTVSKRW-UHFFFAOYSA-N;CC(C)(C#N)C1=CC(=CC(=C1)CN2C=NC=N2)C(C)(C)C#N;CC(C)(C#N)C1=CC(=CC(=C1)CN2C=NC=N2)C(C)(C)C#N
IXOXBSCIXZEQEQ-UHTZMRCNSA-N;COC1=NC(=NC2=C1N=CN2[C@H]3[C@H]([C@@H]([C@H](O3)CO)O)O)N;COC1=NC(=NC2=C1N=CN2C3C(C(C(O3)CO)O)O)N
WJRRGYBTGDJBFX-UHFFFAOYSA-N;CC1=NC=C(N1C(C)C)C2=NC(=NC=C2)NC3=CC=C(C=C3)S(=O)(=O)C;CC1=NC=C(N1C(C)C)C2=NC(=NC=C2)NC3=CC=C(C=C3)S(=O)(=O)C
IAYGCINLNONXHY-LBPRGKRZSA-N;C1C[C@@H](CNC1)NC(=O)C2=C(C=C(S2)C3=CC(=CC=C3)F)NC(=O)N;C1CC(CNC1)NC(=O)C2=C(C=C(S2)C3=CC(=CC=C3)F)NC(=O)N
MUOKSQABCJCOPU-UHFFFAOYSA-N;C1=CC(=CC(=C1)Cl)NC2=NC3=C(C=CC(=C3)C(=O)O)C4=C2C=CN=C4;C1=CC(=CC(=C1)Cl)NC2=NC3=C(C=CC(=C3)C(=O)O)C4=C2C=CN=C4
DKNUPRMJNUQNHR-UHFFFAOYSA-N;CC(C)(C1=CC(=NO1)NC(=O)NC2=CC(=CC=C2)OC3=NC=NC4=CC(=C(C=C43)OC)OC)C(F)(F)F;CC(C)(C1=CC(=NO1)NC(=O)NC2=CC(=CC=C2)OC3=NC=NC4=CC(=C(C=C43)OC)OC)C(F)(F)F
VSNHCAURESNICA-UHFFFAOYSA-N;C(=O)(N)NO;C(=O)(N)NO
UBPYILGKFZZVDX-UHFFFAOYSA-N;CN1CCN(CC1)CCCOC2=C(C=C3C(=C2)N=CC(=C3NC4=CC(=C(C=C4Cl)Cl)OC)C#N)OC;CN1CCN(CC1)CCCOC2=C(C=C3C(=C2)N=CC(=C3NC4=CC(=C(C=C4Cl)Cl)OC)C#N)OC
MGGBYMDAPCCKCT-UHFFFAOYSA-N;CC(C)S(=O)(=O)C1=CC=CC=C1NC2=NC(=NC=N2)NC3=C(C=C(C=C3)N4CCC(CC4)N5CCN(CC5)C)OC;CC(C)S(=O)(=O)C1=CC=CC=C1NC2=NC(=NC=N2)NC3=C(C=C(C=C3)N4CCC(CC4)N5CCN(CC5)C)OC
LAMIXXKAWNLXOC-INIZCTEOSA-N;CC(C)[C@@H](C1=CC=CC=C1)C(=O)NC2=CC=C(C=C2)C(=O)NO;CC(C)C(C1=CC=CC=C1)C(=O)NC2=CC=C(C=C2)C(=O)NO
DVGWFQILDUEEGX-UUOKFMHZSA-N;C1=NC(=C2C(=N1)N(C(=N2)N)[C@H]3[C@@H]([C@@H]([C@H](O3)CO)O)O)N;C1=NC(=C2C(=N1)N(C(=N2)N)C3C(C(C(O3)CO)O)O)N
VAZAPHZUAVEOMC-UHFFFAOYSA-N;CC(=O)NC1=CC=C(C=C1)C(=O)NC2=CC=CC=C2N;CC(=O)NC1=CC=C(C=C1)C(=O)NC2=CC=CC=C2N
RWIVSVMMGFFZIJ-VWDRLOGHSA-N;C[C@@H]1CN(C[C@@H](O1)C)C2=NC=C(C=C2)NC(=O)C3=CC=CC(=C3C)C4=CC=C(C=C4)OC(F)(F)F.OP(=O)(O)O.OP(=O)(O)O;CC1CN(CC(O1)C)C2=NC=C(C=C2)NC(=O)C3=CC=CC(=C3C)C4=CC=C(C=C4)OC(F)(F)F.OP(=O)(O)O.OP(=O)(O)O
OWBFCJROIKNMGD-BQYQJAHWSA-M;COC1=C(C=C(C=C1)CS(=O)(=O)/C=C/C2=C(C=C(C=C2OC)OC)OC)NCC(=O)[O-];COC1=C(C=C(C=C1)CS(=O)(=O)C=CC2=C(C=C(C=C2OC)OC)OC)NCC(=O)[O-]
NDEXUOWTGYUVGA-LJQANCHMSA-N;CN1C=C(C=N1)C2=C3C=NNC(=O)C4=C3C(=CC(=C4)NC(=O)[C@@H](C5CCCCC5)N)N2;CN1C=C(C=N1)C2=C3C=NNC(=O)C4=C3C(=CC(=C4)NC(=O)C(C5CCCCC5)N)N2
UCFGDBYHRUNTLO-QHCPKHFHSA-N;CC[C@@]1(C2=C(COC1=O)C(=O)N3CC4=CC5=C(C=CC(=C5CN(C)C)O)N=C4C3=C2)O;CCC1(C2=C(COC1=O)C(=O)N3CC4=CC5=C(C=CC(=C5CN(C)C)O)N=C4C3=C2)O
OGWKCGZFUXNPDA-XQKSVPLYSA-N;CC[C@@]1(C[C@@H]2C[C@@](C3=C(CCN(C2)C1)C4=CC=CC=C4N3)(C5=C(C=C6C(=C5)[C@]78CCN9[C@H]7[C@@](C=CC9)([C@H]([C@@]([C@@H]8N6C=O)(C(=O)OC)O)OC(=O)C)CC)OC)C(=O)OC)O;CCC1(CC2CC(C3=C(CCN(C2)C1)C4=CC=CC=C4N3)(C5=C(C=C6C(=C5)C78CCN9C7C(C=CC9)(C(C(C8N6C=O)(C(=O)OC)O)OC(=O)C)CC)OC)C(=O)OC)O
LOLPPWBBNUVNQZ-UHFFFAOYSA-N;C1CC1NC(=O)NC2=C(NN=C2)C3=NC4=C(N3)C=C(C=C4)CN5CCOCC5;C1CC1NC(=O)NC2=C(NN=C2)C3=NC4=C(N3)C=C(C=C4)CN5CCOCC5
JOWXJLIFIIOYMS-UHFFFAOYSA-N;CN(CC1=CC2=C(S1)C(=NC(=N2)C3=CN=C(C=C3)OC)N4CCOCC4)C5=NC=C(C=N5)C(=O)NO;CN(CC1=CC2=C(S1)C(=NC(=N2)C3=CN=C(C=C3)OC)N4CCOCC4)C5=NC=C(C=N5)C(=O)NO
ZDZOTLJHXYCWBA-JXHJHTFNSA-N;CC1=C2[C@H](C(=O)[C@@]3([C@H](C[C@@H]4[C@](C3[C@@H]([C@@](C2(C)C)(C[C@@H]1OC(=O)[C@@H]([C@H](C5=CC=CC=C5)NC(=O)OC(C)(C)C)O)O)OC(=O)C6=CC=CC=C6)(CO4)OC(=O)C)O)C)O;CC1=C2C(C(=O)C3(C(CC4C(C3C(C(C2(C)C)(CC1OC(=O)C(C(C5=CC=CC=C5)NC(=O)OC(C)(C)C)O)O)OC(=O)C6=CC=CC=C6)(CO4)OC(=O)C)O)C)O
WXCXUHSOUPDCQV-UHFFFAOYSA-N;CC1(C(=O)N(C(=S)N1C2=CC(=C(C=C2)C(=O)NC)F)C3=CC(=C(C=C3)C#N)C(F)(F)F)C;CC1(C(=O)N(C(=S)N1C2=CC(=C(C=C2)C(=O)NC)F)C3=CC(=C(C=C3)C#N)C(F)(F)F)C
PKCDDUHJAFVJJB-VLZXCDOPSA-N;;
PCHKPVIQAHNQLW-UHFFFAOYSA-N;C1CC(CNC1)C2=CC=C(C=C2)N3C=C4C=CC=C(C4=N3)C(=O)N;C1CC(CNC1)C2=CC=C(C=C2)N3C=C4C=CC=C(C4=N3)C(=O)N
IRTDIKMSKMREGO-OAHLLOKOSA-N;CC1=CN2C(=O)C=C(N=C2C(=C1)[C@@H](C)NC3=CC=CC=C3C(=O)O)N4CCOCC4;CC1=CN2C(=O)C=C(N=C2C(=C1)C(C)NC3=CC=CC=C3C(=O)O)N4CCOCC4
UWXSAYUXVSFDBQ-CYBMUJFWSA-N;C[C@@H]1COC(=N1)NC2=CC3=C(C=C2)N=CN=C3NC4=CC(=C(C=C4)OCC5=NC=CS5)Cl;CC1COC(=N1)NC2=CC3=C(C=C2)N=CN=C3NC4=CC(=C(C=C4)OCC5=NC=CS5)Cl
DNVXATUJJDPFDM-KRWDZBQOSA-N;CC1=C(SC2=C1C(=N[C@H](C3=NN=C(N32)C)CC(=O)OC(C)(C)C)C4=CC=C(C=C4)Cl)C;CC1=C(SC2=C1C(=NC(C3=NN=C(N32)C)CC(=O)OC(C)(C)C)C4=CC=C(C=C4)Cl)C
XCGJIFAKUZNNOR-QCKZDCLWSA-N;;
GKIRPKYJQBWNGO-OCEACIFDSA-N;CCN(CC)CCOC1=CC=C(C=C1)/C(=C(\C2=CC=CC=C2)/Cl)/C3=CC=CC=C3;CCN(CC)CCOC1=CC=C(C=C1)C(=C(C2=CC=CC=C2)Cl)C3=CC=CC=C3
PGXYIBJJCLWJST-MUUNZHRXSA-N;CC1=CC=C(C=C1)C(=O)N(CCCN)[C@@H](C2=C(C(=O)C3=C(O2)C=C(C=C3)Cl)CC4=CC=CC=C4)C(C)C;CC1=CC=C(C=C1)C(=O)N(CCCN)C(C2=C(C(=O)C3=C(O2)C=C(C=C3)Cl)CC4=CC=CC=C4)C(C)C
RXZMYLDMFYNEIM-UHFFFAOYSA-N;CC1(CC2=CN=C(N=C2C3=C1C(=NN3C)C(=O)NC)NC4=CC=C(C=C4)N5CCN(CC5)C)C;CC1(CC2=CN=C(N=C2C3=C1C(=NN3C)C(=O)NC)NC4=CC=C(C=C4)N5CCN(CC5)C)C
IFSDAJWBUCMOAH-HNNXBMFYSA-N;CC[C@@H](C1=NC2=C(C(=CC=C2)F)C(=O)N1C3=CC=CC=C3)NC4=NC=NC5=C4NC=N5;CCC(C1=NC2=C(C(=CC=C2)F)C(=O)N1C3=CC=CC=C3)NC4=NC=NC5=C4NC=N5
KKZJGLLVHKMTCM-UHFFFAOYSA-N;C1=CC(=C2C(=C1NCCNCCO)C(=O)C3=C(C=CC(=C3C2=O)O)O)NCCNCCO;C1=CC(=C2C(=C1NCCNCCO)C(=O)C3=C(C=CC(=C3C2=O)O)O)NCCNCCO
IBGLGMOPHJQDJB-IHRRRGAJSA-N;;
JXLYSJRDGCGARV-XQKSVPLYSA-N;CC[C@@]1(C[C@@H]2C[C@@](C3=C(CCN(C2)C1)C4=CC=CC=C4N3)(C5=C(C=C6C(=C5)[C@]78CCN9[C@H]7[C@@](C=CC9)([C@H]([C@@]([C@@H]8N6C)(C(=O)OC)O)OC(=O)C)CC)OC)C(=O)OC)O;CCC1(CC2CC(C3=C(CCN(C2)C1)C4=CC=CC=C4N3)(C5=C(C=C6C(=C5)C78CCN9C7C(C=CC9)(C(C(C8N6C)(C(=O)OC)O)OC(=O)C)CC)OC)C(=O)OC)O
PQOOIERVZAXHBP-UHFFFAOYSA-N;C1CCN(C1)C2CCN(CC2)C(=O)C3=CC(=C(C=C3)C(=O)N4CCC(CC4)N5CCCC5)NC6=CC=CC=C6;C1CCN(C1)C2CCN(CC2)C(=O)C3=CC(=C(C=C3)C(=O)N4CCC(CC4)N5CCCC5)NC6=CC=CC=C6
GXESHMAMLJKROZ-IAPPQJPRSA-N;C1CCN(C1)CCOC2=CC=C(C=C2)[C@H]3[C@H](CCC4=C3C=CC(=C4)O)C5=CC=CC=C5;C1CCN(C1)CCOC2=CC=C(C=C2)C3C(CCC4=C3C=CC(=C4)O)C5=CC=CC=C5
TXZPMHLMPKIUGK-UHFFFAOYSA-N;CN1CC2=C(C=CC(=C2)NS(=O)(=O)C3=CC=CC=C3OC)NC1=O;CN1CC2=C(C=CC(=C2)NS(=O)(=O)C3=CC=CC=C3OC)NC1=O
BLMPQMFVWMYDKT-NZTKNTHTSA-N;CC(C)C[C@@H](C(=O)[C@]1(CO1)C)NC(=O)[C@H](CC2=CC=CC=C2)NC(=O)[C@H](CC(C)C)NC(=O)[C@H](CCC3=CC=CC=C3)NC(=O)CN4CCOCC4;CC(C)CC(C(=O)C1(CO1)C)NC(=O)C(CC2=CC=CC=C2)NC(=O)C(CC(C)C)NC(=O)C(CCC3=CC=CC=C3)NC(=O)CN4CCOCC4
AUJRCFUBUPVWSZ-XTZHGVARSA-M;CCP(CC)CC.CC(=O)OC[C@@H]1[C@H]([C@@H]([C@H]([C@@H](O1)[S-])OC(=O)C)OC(=O)C)OC(=O)C.[Au+];CCP(CC)CC.CC(=O)OCC1C(C(C(C(O1)[S-])OC(=O)C)OC(=O)C)OC(=O)C.[Au+]
UFPFGVNKHCLJJO-SSKFGXFMSA-N;C[C@@H](C(=O)N[C@@H](C1CCCCC1)C(=O)N2CCC[C@H]2C3=NC(=CS3)C(=O)C4=CC=C(C=C4)F)NC;CC(C(=O)NC(C1CCCCC1)C(=O)N2CCCC2C3=NC(=CS3)C(=O)C4=CC=C(C=C4)F)NC
DMMILYKXNCVKOJ-UHFFFAOYSA-N;C1CCN(C1)C(=O)NC2=CC=CC(=C2)NC3=NC=C(C(=N3)NCCC4=CN=CN4)Br;C1CCN(C1)C(=O)NC2=CC=CC(=C2)NC3=NC=C(C(=N3)NCCC4=CN=CN4)Br
LLXISKGBWFTGEI-FQEVSTJZSA-N;CN(C(=O)N1[C@](SC(=N1)C2=C(C=CC(=C2)F)F)(CCCN)C3=CC=CC=C3)OC;CN(C(=O)N1C(SC(=N1)C2=C(C=CC(=C2)F)F)(CCCN)C3=CC=CC=C3)OC
XWXYUMMDTVBTOU-UHFFFAOYSA-N;CC1(C(=O)N(C(=O)N1)C2=CC(=C(C=C2)[N+](=O)[O-])C(F)(F)F)C;CC1(C(=O)N(C(=O)N1)C2=CC(=C(C=C2)[N+](=O)[O-])C(F)(F)F)C
BKWJAKQVGHWELA-UHFFFAOYSA-N;CC(C)(C1=NC(=CC=C1)N2C3=NC(=NC=C3C(=O)N2CC=C)NC4=CC=C(C=C4)N5CCN(CC5)C)O;CC(C)(C1=NC(=CC=C1)N2C3=NC(=NC=C3C(=O)N2CC=C)NC4=CC=C(C=C4)N5CCN(CC5)C)O
YULUCECVQOCQFQ-UHFFFAOYSA-N;C1=CC=C2C(=C1)C=CC3=C2C=CC(=C3)C4=CC(=NN4C5=CC=C(C=C5)NC(=O)CN)C(F)(F)F;C1=CC=C2C(=C1)C=CC3=C2C=CC(=C3)C4=CC(=NN4C5=CC=C(C=C5)NC(=O)CN)C(F)(F)F
KLGQSVMIPOVQAX-UHFFFAOYSA-N;C1CSCC2=C1NC(=NC2=O)C3=CC=C(C=C3)C(F)(F)F;C1CSCC2=C1NC(=NC2=O)C3=CC=C(C=C3)C(F)(F)F
IVTVGDXNLFLDRM-HNNXBMFYSA-N;CC1=NC(=O)C2=C(N1)C=CC(=C2)CN(C)C3=CC=C(S3)C(=O)N[C@@H](CCC(=O)O)C(=O)O;CC1=NC(=O)C2=C(N1)C=CC(=C2)CN(C)C3=CC=C(S3)C(=O)NC(CCC(=O)O)C(=O)O
CYOHGALHFOKKQC-UHFFFAOYSA-N;CN1C=NC2=C1C=C(C(=C2F)NC3=C(C=C(C=C3)Br)Cl)C(=O)NOCCO;CN1C=NC2=C1C=C(C(=C2F)NC3=C(C=C(C=C3)Br)Cl)C(=O)NOCCO
NCNRHFGMJRPRSK-MDZDMXLPSA-N;C1=CC=C(C=C1)NS(=O)(=O)C2=CC=CC(=C2)/C=C/C(=O)NO;C1=CC=C(C=C1)NS(=O)(=O)C2=CC=CC(=C2)C=CC(=O)NO
GHASVSINZRGABV-UHFFFAOYSA-N;C1=C(C(=O)NC(=O)N1)F;C1=C(C(=O)NC(=O)N1)F
QOECJCJVIMVJGX-UHFFFAOYSA-N;CC(C)N1CCC(CC1)NC2=NC(=NC3=CC(=C(C=C32)OC)OCCCN4CCCC4)C5CCCCC5;CC(C)N1CCC(CC1)NC2=NC(=NC3=CC(=C(C=C32)OC)OCCCN4CCCC4)C5CCCCC5
MCUJKPPARUPFJM-UWCCDQBKSA-N;C1C[C@H](CN(C1)C2=C(C=CC=C2C3=CC=CC=C3)/C=C\4/C(=O)NC(=O)S4)N;C1CC(CN(C1)C2=C(C=CC=C2C3=CC=CC=C3)C=C4C(=O)NC(=O)S4)N
DODQJNMQWMSYGS-QPLCGJKRSA-N;CC/C(=C(\C1=CC=CC=C1)/C2=CC=C(C=C2)OCCN(C)C)/C3=CC=C(C=C3)O;CCC(=C(C1=CC=CC=C1)C2=CC=C(C=C2)OCCN(C)C)C3=CC=C(C=C3)O
DOUYETYNHWVLEO-UHFFFAOYSA-N;CC(C)CN1C=NC2=C1C3=CC=CC=C3N=C2N;CC(C)CN1C=NC2=C1C3=CC=CC=C3N=C2N
OTBXOEAOVRKTNQ-UHFFFAOYSA-N;C1C2=C(C=CC(=C2Cl)Cl)NC3=NC(=O)CN31;C1C2=C(C=CC(=C2Cl)Cl)NC3=NC(=O)CN31
VERWOWGGCGHDQE-UHFFFAOYSA-N;CC1=CC(=C(C=C1C2CCNCC2)OC(C)C)NC3=NC=C(C(=N3)NC4=CC=CC=C4S(=O)(=O)C(C)C)Cl;CC1=CC(=C(C=C1C2CCNCC2)OC(C)C)NC3=NC=C(C(=N3)NC4=CC=CC=C4S(=O)(=O)C(C)C)Cl
SPMVMDHWKHCIDT-UHFFFAOYSA-N;CC1=CC(=NO1)NC(=O)NC2=C(C=C(C=C2)OC3=C4C=C(C(=CC4=NC=C3)OC)OC)Cl;CC1=CC(=NO1)NC(=O)NC2=C(C=C(C=C2)OC3=C4C=C(C(=CC4=NC=C3)OC)OC)Cl
JLYAXFNOILIKPP-KXQOOQHDSA-N;CC1(CCC(=C(C1)CN2CCN(CC2)C3=CC=C(C=C3)C(=O)NS(=O)(=O)C4=CC(=C(C=C4)N[C@H](CCN5CCOCC5)CSC6=CC=CC=C6)S(=O)(=O)C(F)(F)F)C7=CC=C(C=C7)Cl)C;CC1(CCC(=C(C1)CN2CCN(CC2)C3=CC=C(C=C3)C(=O)NS(=O)(=O)C4=CC(=C(C=C4)NC(CCN5CCOCC5)CSC6=CC=CC=C6)S(=O)(=O)C(F)(F)F)C7=CC=C(C=C7)Cl)C
UJIAQDJKSXQLIT-UHFFFAOYSA-N;C1=CC(=CC(=C1)O)C2=NC3=C(N=C(N=C3N=C2C4=CC(=CC=C4)O)N)N;C1=CC(=CC(=C1)O)C2=NC3=C(N=C(N=C3N=C2C4=CC(=CC=C4)O)N)N
DHKFOIHIUYFSOF-UHFFFAOYSA-N;CCN1C2=NC(=NC=C2C=C(C1=O)C3=C(C=C(C=C3)Cl)Cl)NC4=CC(=C(C=C4)N5CCNCC5)F;CCN1C2=NC(=NC=C2C=C(C1=O)C3=C(C=C(C=C3)Cl)Cl)NC4=CC(=C(C=C4)N5CCNCC5)F
PRWSIEBRGXYXAJ-UHFFFAOYSA-N;CC1=NC(=CC=C1)CC(=O)N2CCC3=C2C=CC(=C3F)C4=CN(C5=NC=NC(=C45)N)C;CC1=NC(=CC=C1)CC(=O)N2CCC3=C2C=CC(=C3F)C4=CN(C5=NC=NC(=C45)N)C
AAAQFGUYHFJNHI-SFHVURJKSA-N;CCNC(=O)C[C@H]1C2=NN=C(N2C3=C(C=C(C=C3)OC)C(=N1)C4=CC=C(C=C4)Cl)C;CCNC(=O)CC1C2=NN=C(N2C3=C(C=C(C=C3)OC)C(=N1)C4=CC=C(C=C4)Cl)C
DRLCSJFKKILATL-YWCVFVGNSA-N;CC(C)[C@@H](CS(=O)(=O)C(C)C)N1[C@@H]([C@H](C[C@](C1=O)(C)CC(=O)O)C2=CC(=CC=C2)Cl)C3=CC=C(C=C3)Cl;CC(C)C(CS(=O)(=O)C(C)C)N1C(C(CC(C1=O)(C)CC(=O)O)C2=CC(=CC=C2)Cl)C3=CC=C(C=C3)Cl
XVOOCQSWCCRVDY-UHFFFAOYSA-N;CC1=C(N2C=CC=NC2=N1)C3=CSC(=N3)NC4=C(C=C(C=C4Br)OC)Br;CC1=C(N2C=CC=NC2=N1)C3=CSC(=N3)NC4=C(C=C(C=C4Br)OC)Br
VDJBGWTWCFAPCD-SFDMKYNQSA-N;CC1=CC[C@@H]2[C@@H](C1)C3=C(C=C(C=C3OC2(C)C)CC45CC6CC(C4)CC(C6)C5)O;CC1=CCC2C(C1)C3=C(C=C(C=C3OC2(C)C)CC45CC6CC(C4)CC(C6)C5)O
OCSMOTCMPXTDND-OUAUKWLOSA-N;CC(C)C[C@H]([C@@H](C(=O)NO)O)C(=O)N[C@H](C(=O)NC)C(C)(C)C;CC(C)CC(C(C(=O)NO)O)C(=O)NC(C(=O)NC)C(C)(C)C
MIQUEZGHEJGPJB-UHFFFAOYSA-N;C1=CC(=CC(=C1)NC(=O)C2=C(C(=CC=C2)O)O)NC(=O)C3=C(C(=CC=C3)O)O;C1=CC(=CC(=C1)NC(=O)C2=C(C(=CC=C2)O)O)NC(=O)C3=C(C(=CC=C3)O)O
IVDUVEGCMXCMSO-FQEVSTJZSA-N;CC1=C(C=C(C=N1)Cl)NCC2=CC=C(S2)C(=O)N[C@@H](CC3CCCC3)C(=O)NC4CC4;CC1=C(C=C(C=N1)Cl)NCC2=CC=C(S2)C(=O)NC(CC3CCCC3)C(=O)NC4CC4
OPAKEJZFFCECPN-XQRVVYSFSA-N;C1=CC=NC(=C1)NNC(=O)/C=C\N2C=NC(=N2)C3=CC(=CC(=C3)C(F)(F)F)C(F)(F)F;C1=CC=NC(=C1)NNC(=O)C=CN2C=NC(=N2)C3=CC(=CC(=C3)C(F)(F)F)C(F)(F)F
HUFOZJXAKZVRNJ-UHFFFAOYSA-N;CC(=O)N1CCN(CC1)C2=CC(=C(C=C2)NC3=NC=C(C(=N3)NC4=CC(=CC=C4)NC(=O)C=C)C(F)(F)F)OC;CC(=O)N1CCN(CC1)C2=CC(=C(C=C2)NC3=NC=C(C(=N3)NC4=CC(=CC=C4)NC(=O)C=C)C(F)(F)F)OC
BEUQXVWXFDOSAQ-UHFFFAOYSA-N;CC1=NN(C(=N1)C2=CN3CCOC4=C(C3=N2)C=CC(=C4)C5=CN(N=C5)C(C)(C)C(=O)N)C(C)C;CC1=NN(C(=N1)C2=CN3CCOC4=C(C3=N2)C=CC(=C4)C5=CN(N=C5)C(C)(C)C(=O)N)C(C)C
KKYABQBFGDZVNQ-UHFFFAOYSA-N;CC1=C(C=C(C=C1F)C(=O)NC2CC2)C3=NC=C(C=C3)C(=O)NCC(C)(C)C;CC1=C(C=C(C=C1F)C(=O)NC2CC2)C3=NC=C(C=C3)C(=O)NCC(C)(C)C
FBKMWOJEPMPVTQ-UHFFFAOYSA-N;C1=CC(=C(C=C1N=C(C2=NON=C2NCCNS(=O)(=O)N)NO)Br)F;C1=CC(=C(C=C1N=C(C2=NON=C2NCCNS(=O)(=O)N)NO)Br)F
IFRGXKKQHBVPCQ-UHFFFAOYSA-N;CC(C)C1=CC(=C(C=C1O)O)C(=O)N2CC3=C(C2)C=C(C=C3)CN4CCN(CC4)C;CC(C)C1=CC(=C(C=C1O)O)C(=O)N2CC3=C(C2)C=C(C=C3)CN4CCN(CC4)C
KXBDTLQSDKGAEB-UHFFFAOYSA-N;COCCOC1=CC=C(C=C1)NC2=NC=C(C(=N2)NC3=CC(=CC=C3)NC(=O)C=C)F;COCCOC1=CC=C(C=C1)NC2=NC=C(C(=N2)NC3=CC(=CC=C3)NC(=O)C=C)F
FJCDSQATIJKQKA-UHFFFAOYSA-N;CC1=NC(=CC=C1)C2=C(N=C(N2)CNC3=CC=CC=C3F)C4=CN5C(=NC=N5)C=C4;CC1=NC(=CC=C1)C2=C(N=C(N2)CNC3=CC=CC=C3F)C4=CN5C(=NC=N5)C=C4
IDKAKZRYYDCJDU-HBMMIIHUSA-N;;
YALNUENQHAQXEA-UHFFFAOYSA-N;CCN(CC)CC1=CC2=C(C=C1)C=C(C=C2)COC(=O)NC3=CC=C(C=C3)C(=O)NO;CCN(CC)CC1=CC2=C(C=C1)C=C(C=C2)COC(=O)NC3=CC=C(C=C3)C(=O)NO
IIXWYSCJSQVBQM-LLVKDONJSA-N;C[C@@H]1C2=C(C=CC(=C2)F)C(=O)N(CC3=NN(C(=C3C4=CC(=C(N=C4)N)O1)C#N)C)C;CC1C2=C(C=CC(=C2)F)C(=O)N(CC3=NN(C(=C3C4=CC(=C(N=C4)N)O1)C#N)C)C
AFJRDFWMXUECEW-LBPRGKRZSA-N;CN1C(=C(C=N1)Cl)C2=C(SC(=C2)C(=O)N[C@@H](CC3=CC(=CC=C3)F)CN)Cl;CN1C(=C(C=N1)Cl)C2=C(SC(=C2)C(=O)NC(CC3=CC(=CC=C3)F)CN)Cl
AXTAPYRUEKNRBA-JTQLQIEISA-N;CN1C(=C(C=N1)Cl)C2=C(OC(=C2)C(=O)N[C@@H](CC3=CC(=C(C=C3)F)F)CN)Cl;CN1C(=C(C=N1)Cl)C2=C(OC(=C2)C(=O)NC(CC3=CC(=C(C=C3)F)F)CN)Cl
QHADVLVFMKEIIP-UHFFFAOYSA-N;CC1=CC=C(C(=O)N1C2=CC=C(C=C2)F)C(=O)NC3=CC(=C(C=C3)OC4=C(C=C5C(=C4)C=NN5C)C6=CNN=C6)F;CC1=CC=C(C(=O)N1C2=CC=C(C=C2)F)C(=O)NC3=CC(=C(C=C3)OC4=C(C=C5C(=C4)C=NN5C)C6=CNN=C6)F
UNDKJUKLBNARIZ-UHFFFAOYSA-N;C1CC(NC1)C2=NC(=O)C3=C(N2)C4=C(O3)C=CC(=C4)Cl.Cl;C1CC(NC1)C2=NC(=O)C3=C(N2)C4=C(O3)C=CC(=C4)Cl.Cl
RIJLVEAXPNLDTC-UHFFFAOYSA-N;C1CC1C(=O)NC2=NN3C(=N2)C=CC=C3C4=CC=C(C=C4)CN5CCS(=O)(=O)CC5;C1CC1C(=O)NC2=NN3C(=N2)C=CC=C3C4=CC=C(C=C4)CN5CCS(=O)(=O)CC5
XCPGHVQEEXUHNC-UHFFFAOYSA-N;COC1=C(C=CC(=C1)NS(=O)(=O)C)NC2=C3C=CC=CC3=NC4=CC=CC=C42;COC1=C(C=CC(=C1)NS(=O)(=O)C)NC2=C3C=CC=CC3=NC4=CC=CC=C42
JGWRKYUXBBNENE-UHFFFAOYSA-N;C1=CC(=NC=C1CC2=CNC3=C2C=C(C=N3)Cl)NCC4=CN=C(C=C4)C(F)(F)F;C1=CC(=NC=C1CC2=CNC3=C2C=C(C=N3)Cl)NCC4=CN=C(C=C4)C(F)(F)F
LMJPUXPTYLIRIY-UHFFFAOYSA-N;CC(C)NC(=O)COC1=CC=CC(=C1)C2=NC=C3C(=N2)C=CC=C3NC4=CC5=C(C=C4)NN=C5;CC(C)NC(=O)COC1=CC=CC(=C1)C2=NC=C3C(=N2)C=CC=C3NC4=CC5=C(C=C4)NN=C5
